0.000000;0.000000;0.000000;0.000000;0.000000;0.000000;0.006690;0.000000;0.000000;0.000000;0.000000;0.000000;0.000000;0.000000;0.000000;534073659338400.000000
1.000000;0.004060;0.027687;-0.010104;0.071659;0.034463;0.006690;0.000000;0.000000;0.000000;0.000000;0.000000;0.000000;0.000000;0.000000;534073726148800.000000
2.000000;0.006397;0.030572;0.004979;0.243675;0.027487;0.006690;0.000000;0.000000;0.000000;0.000000;0.000000;0.000000;0.000000;0.000000;534073792978300.000000
3.000000;0.007302;0.017750;0.017546;0.087874;0.011226;0.006690;0.000000;0.000000;0.000000;0.000000;0.000000;0.000000;0.000000;0.000000;534073860162600.000000
4.000000;0.007278;0.002793;0.018465;-0.056288;0.000177;0.005986;0.000000;0.000000;0.000000;0.000000;0.000000;0.000000;0.000000;0.000000;534073926906100.000000
5.000000;0.006467;-0.009274;0.013399;-0.107949;-0.006397;0.004577;0.000000;0.000000;0.000000;0.000000;0.000000;0.000000;-0.000704;0.000000;534073994038900.000000
6.000000;0.005019;-0.017709;0.007151;-0.111401;-0.010679;0.004577;0.000000;-0.000427;-0.002914;0.001064;-0.007543;-0.003628;-0.000704;0.000000;534074061376400.000000
7.000000;0.004271;-0.015143;-0.001323;-0.080151;-0.003963;0.004577;0.000000;-0.000673;-0.003218;-0.000524;-0.025650;-0.002893;0.000704;0.000000;534074128131300.000000
8.000000;0.004083;-0.008082;-0.004926;0.004811;0.003066;0.005282;0.000000;0.000086;0.003960;-0.003974;0.005836;0.006074;0.000704;0.000000;534074195084900.000000
9.000000;0.004629;0.000829;-0.004607;0.060615;0.010121;0.005282;0.000000;0.000581;0.006142;-0.000896;0.057225;0.005768;0.000704;0.000000;534074262349700.000000
10.000000;0.005062;0.003880;0.000270;0.081275;0.009448;0.005986;0.000000;0.000811;0.004406;0.002395;0.029069;0.002655;0.000704;0.000000;534074329243500.000000
11.000000;0.005711;0.005457;0.003204;0.051375;0.009853;0.005282;0.000000;0.000843;0.001500;0.003303;-0.004412;0.000093;0.000000;0.000000;534074396367700.000000
12.000000;0.005565;0.000062;0.007107;0.024617;0.002824;0.005282;0.000000;0.000352;-0.003533;0.003495;-0.026618;-0.004527;0.000000;0.000000;534074464269600.000000
13.000000;0.005353;-0.003730;0.006130;-0.026784;0.000751;0.004577;0.000000;0.000033;-0.004615;0.000569;-0.042357;-0.003579;0.000000;0.000000;534074530482100.000000
14.000000;0.004754;-0.007709;0.004676;-0.032002;-0.002184;0.004577;-6.000000;-0.000104;-0.003080;-0.001689;-0.016603;-0.001206;0.000704;-6.000000;534074597525000.000000
15.000000;0.004427;-0.007264;0.001398;-0.030710;0.087997;0.004577;-5.000000;0.000318;0.001935;-0.003165;0.014281;0.092092;0.000704;-6.000000;534074664579800.000000
16.000000;0.004277;-0.010465;0.030080;0.478008;0.044513;0.004577;-4.000000;0.000567;-0.002152;0.029597;0.517176;0.060270;0.000704;-6.000000;534074731843000.000000
17.000000;0.003978;-0.020476;0.037476;0.060903;0.020555;0.004577;-3.000000;0.000373;-0.016496;0.044059;0.138553;0.042184;0.000704;-6.000000;534074798823600.000000
18.000000;0.003598;-0.025342;0.028423;-0.068965;0.009375;0.004577;-2.000000;-0.000119;-0.027602;0.041598;0.002635;0.035855;0.000000;-6.000000;534074866090100.000000
19.000000;0.003387;-0.022912;0.016547;-0.065624;0.004859;0.003169;-1.000000;-0.001001;-0.034331;0.035782;-0.003937;0.033480;-0.001408;-6.000000;534074932947700.000000
20.000000;0.002579;-0.022039;0.009570;-0.042459;-0.005510;-0.001056;0.000000;-0.002341;-0.039030;0.031362;0.013241;0.030788;-0.006338;-6.000000;534075000080900.000000
21.000000;-0.000238;-0.032710;0.007050;-0.100769;-0.030340;-0.003169;1.000000;-0.005954;-0.055539;0.032766;-0.014477;0.011660;-0.009155;-6.000000;534075067037400.000000
22.000000;-0.002870;-0.034411;-0.005799;-0.203033;-0.039866;-0.005282;2.000000;-0.009502;-0.062621;0.023945;-0.103502;0.008135;-0.011972;-6.000000;534075134115100.000000
23.000000;-0.005150;-0.028212;-0.019133;-0.173400;-0.043649;-0.009507;3.000000;-0.012733;-0.060982;0.014505;-0.057407;0.011014;-0.020423;-6.000000;534075201071500.000000
24.000000;-0.008378;-0.027534;-0.025023;-0.151053;-0.058494;-0.010915;4.000000;-0.019042;-0.078743;0.018031;-0.052451;-0.014933;-0.023944;-6.000000;534075268178000.000000
25.000000;-0.010445;-0.016722;-0.036341;-0.183029;-0.059102;-0.012324;5.000000;-0.024119;-0.078809;0.005374;-0.169594;-0.012064;-0.028169;-6.000000;534075335347500.000000
26.000000;-0.011772;-0.002747;-0.043933;-0.125173;-0.059750;-0.012324;6.000000;-0.028607;-0.070939;-0.004036;-0.070403;-0.006663;-0.036620;-6.000000;534075402330400.000000
27.000000;-0.011897;0.014599;-0.049023;-0.088305;-0.057539;-0.011620;6.000000;-0.035255;-0.079614;-0.000397;-0.046452;-0.026176;-0.040141;-6.000000;534075469528200.000000
28.000000;-0.011051;0.031265;-0.050665;-0.055327;-0.042228;-0.008803;6.000000;-0.040238;-0.072599;-0.010194;-0.133337;-0.019928;-0.043662;-6.000000;534075536494400.000000
29.000000;-0.008583;0.050214;-0.047427;0.043446;-0.026942;-0.002465;6.000000;-0.044100;-0.058636;-0.016567;-0.031334;-0.010988;-0.048592;-6.000000;534075603635300.000000
30.000000;-0.003314;0.076745;-0.043134;0.130718;-0.002165;0.002465;6.000000;-0.048227;-0.052404;-0.013533;0.022395;-0.014846;-0.050000;-6.000000;534075670646900.000000
31.000000;0.002387;0.090105;-0.027898;0.214249;0.004936;0.008099;6.000000;-0.050563;-0.037833;-0.015933;0.006680;-0.004801;-0.051408;-6.000000;534075737654200.000000
32.000000;0.008297;0.093196;-0.013613;0.156954;0.006369;0.020775;6.000000;-0.051955;-0.023855;-0.014091;0.074529;0.002214;-0.052817;-6.000000;534075804664300.000000
33.000000;0.018316;0.118762;-0.014568;0.163928;0.041975;0.027113;6.000000;-0.053016;-0.015692;-0.008454;0.088280;0.002932;-0.052817;-6.000000;534075871664700.000000
34.000000;0.026741;0.118944;0.005283;0.304050;0.038678;0.033451;6.000000;-0.053257;-0.007662;-0.005317;0.067304;0.006919;-0.052817;-6.000000;534075938828500.000000
35.000000;0.033790;0.103632;0.021182;0.149882;0.027028;0.044014;6.000000;-0.053164;-0.002387;-0.001735;0.070841;0.008624;-0.052113;-6.000000;534076006101800.000000
36.000000;0.042507;0.103864;0.018894;0.062156;0.042570;0.048239;6.000000;-0.052586;0.002452;0.000745;0.063895;0.011602;-0.052113;-6.000000;534076072895400.000000
37.000000;0.048513;0.085491;0.028792;0.116071;0.029078;0.051056;6.000000;-0.052250;0.002387;0.004621;0.057911;0.009313;-0.052113;-6.000000;534076140135900.000000
38.000000;0.052064;0.057186;0.033898;-0.034019;0.009714;0.053169;6.000000;-0.052139;-0.000143;0.006719;0.022013;0.006335;-0.052817;-6.000000;534076207053000.000000
39.000000;0.054009;0.032061;0.028376;-0.151110;-0.002168;0.053169;6.000000;-0.052595;-0.005599;0.007652;-0.009648;0.000996;-0.053521;-5.000000;534076274113900.000000
40.000000;0.054173;0.009873;0.020126;-0.181760;-0.013278;0.052465;6.000000;-0.053342;-0.010187;0.005928;-0.040143;-0.016837;-0.053521;-4.000000;534076341096900.000000
41.000000;0.053296;-0.005342;0.009916;-0.190352;-0.019199;0.049648;6.000000;-0.053732;-0.008381;-0.003198;-0.114387;-0.023270;-0.054930;-3.000000;534076408673600.000000
42.000000;0.050912;-0.020006;0.002777;-0.178376;-0.029323;0.048239;6.000000;-0.054637;-0.007674;-0.010178;-0.108382;-0.033728;-0.055634;-2.000000;534076475621600.000000
43.000000;0.048789;-0.023036;-0.008030;-0.175857;-0.027081;0.046831;6.000000;-0.055358;-0.003416;-0.018375;-0.127119;-0.039957;-0.055634;-1.000000;534076542334500.000000
44.000000;0.047079;-0.018773;-0.015426;-0.097369;-0.021702;0.046127;6.000000;-0.055484;0.005639;-0.026552;-0.111770;-0.041879;-0.055634;0.000000;534076609710000.000000
45.000000;0.046122;-0.009934;-0.018580;-0.026975;-0.014558;0.046831;6.000000;-0.055256;0.015086;-0.031529;-0.085257;-0.045397;-0.054930;1.000000;534076676558700.000000
46.000000;0.046409;0.003276;-0.019064;0.035093;-0.003955;0.047535;6.000000;-0.054470;0.025273;-0.035424;-0.081463;-0.048047;-0.053521;2.000000;534076743995200.000000
47.000000;0.047281;0.013257;-0.014439;0.086075;0.001377;0.049648;6.000000;-0.053023;0.036242;-0.038700;-0.076058;-0.049570;-0.050704;3.000000;534076811255700.000000
48.000000;0.049130;0.023158;-0.010082;0.093508;0.008732;0.051056;6.000000;-0.050445;0.050558;-0.042233;-0.060445;-0.046701;-0.048592;4.000000;534076877838600.000000
49.000000;0.050937;0.026164;-0.003078;0.098327;0.008670;0.053169;6.000000;-0.047767;0.059324;-0.041211;-0.042380;-0.051400;-0.045775;5.000000;534076944661500.000000
50.000000;0.052968;0.027181;0.001199;0.062059;0.009756;0.054577;6.000000;-0.044784;0.065794;-0.041366;-0.079054;-0.056048;-0.042958;6.000000;534077011979000.000000
51.000000;0.054625;0.023968;0.004966;0.040585;0.007146;0.058803;6.000000;-0.041731;0.070023;-0.042536;-0.107198;-0.061732;-0.030986;6.000000;534077078901100.000000
52.000000;0.057740;0.031422;0.002040;0.037886;0.019771;0.059507;6.000000;-0.033146;0.110685;-0.058564;-0.037327;-0.006043;-0.019718;6.000000;534077145862500.000000
53.000000;0.059592;0.026675;0.008908;0.090790;0.013205;0.059507;6.000000;-0.021841;0.150891;-0.048804;0.344062;0.031387;-0.019718;6.000000;534077212975600.000000
54.000000;0.060162;0.013753;0.013809;-0.000985;0.001219;0.059507;6.000000;-0.016461;0.124483;-0.005017;0.320291;-0.013003;-0.007042;6.000000;534077280116700.000000
55.000000;0.060040;0.002096;0.011467;-0.082455;-0.005666;0.059507;6.000000;-0.007542;0.125326;-0.006582;-0.051885;0.005813;0.000000;6.000000;534077346995700.000000
56.000000;0.059715;-0.003839;0.005497;-0.092439;-0.006449;0.059507;6.000000;0.000277;0.118821;-0.001713;0.063019;0.007382;0.007042;6.000000;534077414267900.000000
57.000000;0.059469;-0.004508;0.000289;-0.057022;-0.003963;0.058803;6.000000;0.007424;0.109033;0.003537;0.034301;0.006607;0.019718;6.000000;534077481624700.000000
58.000000;0.058953;-0.005455;-0.001172;-0.023072;-0.004779;0.058803;6.000000;0.017650;0.123667;-0.003005;0.070544;0.037550;0.019718;6.000000;534077549230100.000000
59.000000;0.058733;-0.003565;-0.002923;-0.015954;-0.002414;0.059507;6.000000;0.022061;0.091318;0.020797;0.150273;0.000327;0.031690;6.000000;534077616266300.000000
60.000000;0.059129;0.001944;-0.004352;0.014148;0.003254;0.060211;6.000000;0.030119;0.094865;0.009109;-0.078245;0.025802;0.035915;6.000000;534077683478500.000000
61.000000;0.059857;0.006960;-0.002928;0.049743;0.006901;0.060915;6.000000;0.036004;0.084438;0.014491;0.093216;0.020452;0.040141;6.000000;534077750398500.000000
62.000000;0.060687;0.009453;0.000101;0.055835;0.007850;0.063732;6.000000;0.040579;0.068390;0.019161;0.013737;0.011891;0.046479;6.000000;534077817530800.000000
63.000000;0.062769;0.018303;-0.000356;0.064189;0.018172;0.065141;5.000000;0.045797;0.064054;0.014147;-0.021651;0.020085;0.048592;6.000000;534077884614400.000000
64.000000;0.064665;0.021002;0.004892;0.108539;0.033503;0.066549;4.000000;0.049044;0.049475;0.017741;0.021248;0.010222;0.050000;6.000000;534077951980400.000000
65.000000;0.066295;0.017938;0.014933;0.153864;0.040401;0.067958;3.000000;0.050786;0.031213;0.018353;-0.063512;-0.001270;0.050000;6.000000;534078018730000.000000
66.000000;0.067651;0.011021;0.024122;0.135160;0.045132;0.067254;2.000000;0.051011;0.012401;0.014788;-0.129095;-0.012617;0.047887;6.000000;534078085751400.000000
67.000000;0.067528;-0.005475;0.033809;0.096553;0.039937;0.066549;1.000000;0.049366;-0.007971;0.009667;-0.179265;-0.026987;0.047183;6.000000;534078153164100.000000
68.000000;0.066582;-0.021832;0.037011;0.025468;0.038666;0.065845;0.000000;0.047809;-0.015187;-0.002439;-0.202476;-0.026030;0.047183;6.000000;534078220241800.000000
69.000000;0.065351;-0.032704;0.035938;0.020616;0.043711;0.062324;-1.000000;0.047079;-0.009693;-0.013031;-0.110424;-0.016080;0.046479;6.000000;534078287291900.000000
70.000000;0.062455;-0.049574;0.039350;0.036958;0.038096;0.060915;-2.000000;0.046553;-0.003373;-0.014889;-0.010764;-0.011548;0.046479;6.000000;534078353985200.000000
71.000000;0.060014;-0.055755;0.035813;0.015201;0.047047;0.058803;-3.000000;0.046510;0.003057;-0.013712;0.017948;-0.007657;0.047183;6.000000;534078421094800.000000
72.000000;0.057630;-0.057971;0.035365;0.091563;0.055965;0.053873;-4.000000;0.047075;0.009792;-0.011845;0.034397;-0.002999;0.048592;6.000000;534078488288600.000000
73.000000;0.053638;-0.070746;0.042525;0.111274;0.049258;0.051056;-5.000000;0.048310;0.016907;-0.009510;0.053027;0.002582;0.049296;6.000000;534078555112500.000000
74.000000;0.049996;-0.076586;0.041882;0.057493;0.054973;0.047535;-6.000000;0.049389;0.018369;-0.004426;0.059066;0.001597;0.050704;6.000000;534078622423500.000000
75.000000;0.046280;-0.080039;0.042180;0.100872;0.060771;0.043310;-6.000000;0.050677;0.019115;-0.001856;0.029133;0.002543;0.052113;6.000000;534078689442000.000000
76.000000;0.042160;-0.085152;0.045220;0.124674;0.048226;0.032746;-6.000000;0.052045;0.019332;-0.000301;0.023573;0.003658;0.053521;6.000000;534078756392800.000000
77.000000;0.033988;-0.115571;0.052257;-0.026309;0.008617;0.026408;-6.000000;0.053434;0.019090;0.000971;0.022122;0.004601;0.054225;6.000000;534078823660900.000000
78.000000;0.026143;-0.127895;0.035792;-0.226600;0.001316;0.010915;-6.000000;0.054393;0.015618;0.003097;0.013476;0.001811;0.054930;6.000000;534078891011400.000000
79.000000;0.013445;-0.161344;0.031295;-0.239282;-0.040488;0.001761;-6.000000;0.055100;0.011709;0.003435;-0.012523;-0.000227;0.054930;6.000000;534078957738900.000000
80.000000;0.002090;-0.165276;0.005240;-0.379940;-0.039989;-0.006690;-6.000000;0.055278;0.006237;0.003377;-0.028394;-0.004102;0.054930;6.000000;534079025679800.000000
81.000000;-0.007453;-0.146928;-0.017149;-0.196936;-0.025213;-0.025000;-6.000000;0.055211;0.002093;0.001579;-0.046084;-0.006007;0.054225;6.000000;534079092088400.000000
82.000000;-0.021743;-0.165013;-0.009370;-0.118535;-0.066961;-0.033451;-6.000000;0.054664;-0.002598;0.000172;-0.049697;-0.009483;0.053521;6.000000;534079159359000.000000
83.000000;-0.032975;-0.153305;-0.028743;-0.315709;-0.058077;-0.040493;-6.000000;0.053911;-0.005749;-0.002177;-0.059291;-0.011295;0.053521;6.000000;534079226924500.000000
84.000000;-0.041254;-0.121470;-0.044962;-0.115646;-0.035361;-0.052465;-6.000000;0.053549;-0.003863;-0.005825;-0.045843;-0.007842;0.052113;6.000000;534079293313600.000000
85.000000;-0.050894;-0.111946;-0.036717;0.017118;-0.049278;-0.056690;-6.000000;0.052617;-0.005989;-0.005038;-0.021426;-0.011722;0.051408;6.000000;534079360466600.000000
86.000000;-0.057048;-0.085314;-0.042295;-0.059285;-0.032319;-0.058803;-6.000000;0.051766;-0.006595;-0.006202;-0.044325;-0.012370;0.050704;6.000000;534079427342000.000000
87.000000;-0.060043;-0.049389;-0.044169;0.091816;-0.008430;-0.058803;-6.000000;0.050996;-0.005891;-0.007662;-0.038161;-0.011953;0.050000;5.000000;534079494519300.000000
88.000000;-0.060313;-0.013972;-0.036634;0.227738;0.012432;-0.057394;-6.000000;0.050291;-0.004713;-0.008409;-0.028442;0.003046;0.050000;4.000000;534079561568500.000000
89.000000;-0.058718;0.012825;-0.022415;0.285135;0.025197;-0.055282;-6.000000;0.050040;-0.001770;-0.004549;0.062771;0.015925;0.050000;3.000000;534079628385700.000000
90.000000;-0.056211;0.027576;-0.006625;0.262527;0.029447;-0.048239;-6.000000;0.049983;-0.001171;0.003125;0.106650;0.024982;0.050704;2.000000;534079695618900.000000
91.000000;-0.050662;0.051069;-0.000807;0.242463;0.052261;-0.044718;-6.000000;0.050354;-0.000883;0.010430;0.120128;0.035008;0.050704;1.000000;534079762524900.000000
92.000000;-0.045786;0.055406;0.015933;0.298743;0.050193;-0.039789;-6.000000;0.050461;-0.005319;0.019225;0.130960;0.039848;0.050000;0.000000;534079829909000.000000
93.000000;-0.040859;0.053043;0.026666;0.193330;0.048920;-0.038380;-6.000000;0.049911;-0.014943;0.027342;0.104645;0.040487;0.048592;-1.000000;534079896589200.000000
94.000000;-0.038181;0.033844;0.037068;0.101251;0.031078;-0.038380;-6.000000;0.048551;-0.027667;0.032783;0.064799;0.039548;0.045070;-2.000000;534079964193800.000000
95.000000;-0.037661;0.007760;0.038737;-0.059013;0.011620;-0.038380;-6.000000;0.045526;-0.046870;0.037522;0.019590;0.031587;0.045070;-3.000000;534080030874900.000000
96.000000;-0.038114;-0.010876;0.029745;-0.149576;0.003595;-0.041901;-6.000000;0.043827;-0.048330;0.030871;0.000462;0.047591;0.038028;-4.000000;534080097976200.000000
97.000000;-0.040848;-0.032499;0.023230;-0.159490;-0.012784;-0.044718;-6.000000;0.038876;-0.070244;0.039951;0.067168;0.030338;0.033803;-5.000000;534080164889400.000000
98.000000;-0.044140;-0.044377;0.011360;-0.199123;-0.018069;-0.047535;-6.000000;0.033761;-0.084305;0.037104;-0.055475;0.029685;0.028873;-6.000000;534080232160600.000000
99.000000;-0.047377;-0.046150;-0.000223;-0.149326;-0.016404;-0.053873;-6.000000;0.028422;-0.091709;0.032245;-0.023886;0.033803;0.017606;-6.000000;534080299067400.000000
100.000000;-0.052482;-0.056704;-0.001971;-0.114858;-0.031375;-0.055986;-6.000000;0.019318;-0.120103;0.039130;-0.036556;-0.006921;0.010563;-6.000000;534080366104400.000000
101.000000;-0.056025;-0.050109;-0.013477;-0.149713;-0.022670;-0.058099;-6.000000;0.010724;-0.130501;0.023365;-0.250527;-0.014147;0.003521;-6.000000;534080433147800.000000
102.000000;-0.058471;-0.036362;-0.019573;-0.029034;-0.012225;-0.058803;-6.000000;0.002907;-0.124748;0.005501;-0.168363;-0.009035;-0.011268;-6.000000;534080500530100.000000
103.000000;-0.059488;-0.018909;-0.019930;0.060367;-0.000543;-0.058803;-6.000000;-0.008903;-0.144478;0.007880;-0.131176;-0.044126;-0.011268;-6.000000;534080567228100.000000
104.000000;-0.059450;-0.003766;-0.015078;0.118109;0.007430;-0.056690;-6.000000;-0.014046;-0.107697;-0.022175;-0.195999;-0.000108;-0.026761;-6.000000;534080634461800.000000
105.000000;-0.057799;0.012840;-0.010350;0.143524;0.019362;-0.054577;-6.000000;-0.024386;-0.118217;-0.007291;0.068164;-0.037147;-0.034507;-6.000000;534080701320800.000000
106.000000;-0.055477;0.023675;-0.002063;0.174951;0.025065;-0.044718;-6.000000;-0.033495;-0.118105;-0.013128;-0.193559;-0.043432;-0.052113;-6.000000;534080768685900.000000
107.000000;-0.048354;0.059069;-0.004878;0.233347;0.065027;-0.041901;-6.000000;-0.047709;-0.149878;-0.008651;-0.270116;-0.091918;-0.056338;-6.000000;534080835664900.000000
108.000000;-0.042949;0.063508;0.017709;0.389761;0.058542;-0.039085;-6.000000;-0.056667;-0.128242;-0.041536;-0.421845;-0.062560;-0.059155;-6.000000;534080903322600.000000
109.000000;-0.039128;0.048280;0.035563;0.194499;0.041251;-0.035563;-6.000000;-0.061175;-0.078644;-0.060738;-0.029060;-0.020102;-0.061268;-6.000000;534080969847000.000000
110.000000;-0.035957;0.032675;0.037933;0.027858;0.033564;-0.035563;-6.000000;-0.062899;-0.032843;-0.053146;0.265917;0.005149;-0.060563;-6.000000;534081036812800.000000
111.000000;-0.035110;0.009248;0.038428;-0.037901;0.016541;-0.036268;-6.000000;-0.062048;0.003247;-0.035960;0.336695;0.021924;-0.058451;-6.000000;534081103866000.000000
112.000000;-0.035793;-0.011977;0.032263;-0.128485;0.004085;-0.039789;-5.000000;-0.059615;0.026144;-0.016995;0.320807;0.030176;-0.052817;-6.000000;534081171044700.000000
113.000000;-0.038696;-0.035049;0.025397;-0.172970;-0.027734;-0.043310;-4.000000;-0.054761;0.048357;-0.004909;0.285312;0.046599;-0.049296;-6.000000;534081238040700.000000
114.000000;-0.042507;-0.048868;0.008299;-0.296727;-0.045323;-0.046127;-3.000000;-0.050221;0.053126;0.012252;0.283458;0.044694;-0.047183;-6.000000;534081305023800.000000
115.000000;-0.045959;-0.046985;-0.012619;-0.273437;-0.048719;-0.051056;-2.000000;-0.047125;0.040862;0.026539;0.153817;0.030571;-0.044366;-6.000000;534081372011500.000000
116.000000;-0.050144;-0.044842;-0.024353;-0.200714;-0.060127;-0.052465;-1.000000;-0.044575;0.028073;0.028644;0.016728;0.024088;-0.045070;-6.000000;534081439103800.000000
117.000000;-0.052523;-0.027576;-0.038988;-0.177604;-0.054258;-0.052465;0.000000;-0.044328;0.006126;0.030073;-0.045990;0.006654;-0.045775;-6.000000;534081506292900.000000
118.000000;-0.052941;-0.001623;-0.047868;-0.057100;-0.043796;-0.049648;1.000000;-0.045215;-0.011892;0.023623;-0.138507;-0.003327;-0.049296;-6.000000;534081573429900.000000
119.000000;-0.050695;0.031259;-0.051032;0.054501;-0.027952;-0.049648;2.000000;-0.048116;-0.031994;0.017422;-0.168020;-0.018762;-0.049296;-6.000000;534081640364000.000000
120.000000;-0.048968;0.044006;-0.039855;0.102315;-0.038518;-0.041901;3.000000;-0.049727;-0.030572;0.001531;-0.171947;-0.008501;-0.053521;-6.000000;534081707308200.000000
121.000000;-0.043320;0.074489;-0.043837;0.038719;-0.017144;-0.036972;4.000000;-0.052806;-0.035887;-0.000896;-0.061651;-0.016656;-0.055634;-6.000000;534081774603300.000000
122.000000;-0.037315;0.092482;-0.035486;0.150788;-0.015916;-0.031338;5.000000;-0.055423;-0.034604;-0.006174;-0.086552;-0.015406;-0.057746;-6.000000;534081841442400.000000
123.000000;-0.031126;0.100007;-0.026387;0.089392;-0.021434;-0.018662;6.000000;-0.057672;-0.029905;-0.009946;-0.045858;-0.012684;-0.060563;-6.000000;534081908584500.000000
124.000000;-0.020852;0.129621;-0.032202;0.080177;0.006775;-0.018662;6.000000;-0.060128;-0.028146;-0.009674;-0.023452;-0.015321;-0.060563;-6.000000;534081975728600.000000
125.000000;-0.016039;0.107419;-0.007776;0.133429;-0.021968;-0.005282;6.000000;-0.061050;-0.016779;-0.013736;-0.015611;-0.004800;-0.061972;-6.000000;534082042881500.000000
126.000000;-0.006715;0.121404;-0.016914;-0.046924;0.011304;0.008803;6.000000;-0.061960;-0.010418;-0.010734;0.049028;-0.003932;-0.061972;-6.000000;534082110025400.000000
127.000000;0.005897;0.152144;-0.018717;0.234838;0.052519;0.008803;6.000000;-0.062175;-0.003587;-0.008669;0.038855;-0.000202;-0.061972;-6.000000;534082176877900.000000
128.000000;0.011614;0.117774;0.019169;0.291727;0.005697;0.022887;6.000000;-0.062098;0.001091;-0.005828;0.046451;0.001498;-0.061268;-6.000000;534082244144900.000000
129.000000;0.021346;0.119393;0.011412;-0.051118;0.030473;0.040493;6.000000;-0.061538;0.005813;-0.003861;0.043674;0.004682;-0.057746;-6.000000;534082310884200.000000
130.000000;0.035943;0.155291;0.000067;0.230469;0.085574;0.044718;6.000000;-0.059072;0.020451;-0.005553;0.079201;0.020765;-0.057042;-6.000000;534082378099300.000000
131.000000;0.045181;0.135919;0.033857;0.433078;0.057234;0.047535;6.000000;-0.057302;0.022526;0.003382;0.143682;0.017885;-0.055634;-6.000000;534082445234300.000000
132.000000;0.049848;0.086156;0.055114;0.032997;0.013475;0.049648;6.000000;-0.055749;0.019474;0.009391;0.071441;0.014173;-0.054930;-6.000000;534082512217100.000000
133.000000;0.051621;0.039022;0.048524;-0.280919;-0.013285;0.051761;6.000000;-0.054817;0.012429;0.012188;0.017757;0.008498;-0.054225;-6.000000;534082579845200.000000
134.000000;0.052461;0.013321;0.026955;-0.333256;-0.016367;0.050352;6.000000;-0.054212;0.006330;0.011129;-0.021532;0.005720;-0.054930;-6.000000;534082646371600.000000
135.000000;0.051401;-0.006096;0.012647;-0.239260;-0.024027;0.048944;6.000000;-0.054548;-0.002576;0.010500;-0.038089;-0.001217;-0.055634;-6.000000;534082713319500.000000
136.000000;0.049710;-0.015984;0.000489;-0.202235;-0.025988;0.045423;6.000000;-0.055328;-0.009460;0.007226;-0.068960;-0.005140;-0.058451;-5.000000;534082780228600.000000
137.000000;0.046722;-0.026354;-0.005714;-0.164257;-0.034538;0.044014;6.000000;-0.057498;-0.021152;0.005907;-0.087922;-0.031116;-0.059155;-4.000000;534082847530800.000000
138.000000;0.044463;-0.024455;-0.015626;-0.156432;-0.029280;0.043310;6.000000;-0.059055;-0.020865;-0.007453;-0.196528;-0.037051;-0.060563;-3.000000;534082914428200.000000
139.000000;0.043247;-0.013861;-0.022148;-0.061112;-0.018958;0.043310;6.000000;-0.060433;-0.014885;-0.019174;-0.149680;-0.041031;-0.060563;-2.000000;534082981434400.000000
140.000000;0.043065;-0.000497;-0.022575;0.028152;-0.009250;0.043310;6.000000;-0.060757;-0.001183;-0.028990;-0.102301;-0.038712;-0.060563;-1.000000;534083048462300.000000
141.000000;0.043328;0.008552;-0.017592;0.069498;-0.005707;0.044718;6.000000;-0.060485;0.012402;-0.033072;-0.047506;-0.039822;-0.058451;0.000000;534083115643000.000000
142.000000;0.044486;0.017460;-0.013667;0.065653;0.000278;0.046831;6.000000;-0.058728;0.030500;-0.036949;-0.025594;-0.034971;-0.054225;1.000000;534083182803600.000000
143.000000;0.046427;0.025835;-0.009724;0.081728;0.006762;0.048239;6.000000;-0.054992;0.053947;-0.039457;0.033366;-0.024350;-0.051408;2.000000;534083249785000.000000
144.000000;0.048233;0.027580;-0.003212;0.083499;0.006084;0.049648;6.000000;-0.051210;0.066069;-0.033110;0.073842;-0.028841;-0.047887;3.000000;534083316802200.000000
145.000000;0.049807;0.025036;0.001452;0.040028;0.003471;0.050352;6.000000;-0.047310;0.071337;-0.028683;0.002165;-0.036030;-0.044366;4.000000;534083383930000.000000
146.000000;0.050767;0.018510;0.004138;-0.003181;-0.001784;0.051761;6.000000;-0.043522;0.072667;-0.027974;-0.062838;-0.043902;-0.040845;5.000000;534083451132600.000000
147.000000;0.051822;0.015540;0.002282;-0.033428;-0.000937;0.053169;6.000000;-0.039857;0.073001;-0.030338;-0.108539;-0.050737;-0.032394;6.000000;534083518031000.000000
148.000000;0.053027;0.015637;0.000288;-0.011173;0.002107;0.053873;6.000000;-0.033261;0.094434;-0.041828;-0.078973;-0.030737;-0.028169;6.000000;534083585168200.000000
149.000000;0.053938;0.013999;0.001062;0.008832;0.001373;0.054577;6.000000;-0.027505;0.101597;-0.036191;0.047321;-0.022011;-0.023239;6.000000;534083652125600.000000
150.000000;0.054677;0.011741;0.001640;-0.001656;0.000357;0.055986;6.000000;-0.022109;0.100178;-0.026452;0.042485;-0.022195;-0.013380;6.000000;534083719103200.000000
151.000000;0.055763;0.012885;0.000320;-0.000731;0.003799;0.055986;6.000000;-0.014094;0.114528;-0.027298;0.039476;0.001592;-0.007042;6.000000;534083786352800.000000
152.000000;0.056224;0.009378;0.002438;0.012353;0.000024;0.055282;6.000000;-0.006738;0.116118;-0.015691;0.144987;0.004155;0.004930;6.000000;534083853396000.000000
153.000000;0.055878;0.001663;0.004010;-0.030149;-0.007292;0.055282;6.000000;0.003389;0.131945;-0.013283;0.139021;0.029900;0.011268;6.000000;534083920575600.000000
154.000000;0.055542;-0.002049;0.000784;-0.066037;-0.008027;0.054577;6.000000;0.011595;0.124622;0.004361;0.214591;0.022597;0.016901;6.000000;534083987443300.000000
155.000000;0.054908;-0.004873;-0.001659;-0.051977;-0.009588;0.053873;6.000000;0.017956;0.103400;0.016858;0.054761;0.007756;0.023239;6.000000;534084054670300.000000
156.000000;0.054173;-0.006243;-0.003777;-0.047347;-0.010277;0.051761;6.000000;0.023709;0.086298;0.016028;-0.065759;0.004481;0.032394;6.000000;534084121718800.000000
157.000000;0.052578;-0.012159;-0.003363;-0.054066;-0.017541;0.051056;6.000000;0.031101;0.089634;0.006397;-0.022524;0.024450;0.036620;6.000000;534084188778100.000000
158.000000;0.051374;-0.012149;-0.007604;-0.081459;-0.015951;0.050352;6.000000;0.036696;0.080480;0.012751;0.097000;0.019537;0.039437;6.000000;534084255628200.000000
159.000000;0.050498;-0.008691;-0.010746;-0.043361;-0.012629;0.050352;6.000000;0.040333;0.060522;0.019503;0.005465;0.005121;0.042958;6.000000;534084323055800.000000
160.000000;0.050255;-0.002036;-0.012198;-0.004499;-0.007064;0.050352;5.000000;0.043364;0.045490;0.016114;-0.089130;0.001073;0.043662;6.000000;534084389734300.000000
161.000000;0.050333;0.003479;-0.010530;0.028568;0.010537;0.051056;4.000000;0.044625;0.027318;0.013706;-0.101234;-0.009649;0.042958;6.000000;534084457017000.000000
162.000000;0.050911;0.008014;-0.003478;0.115735;0.023639;0.051761;3.000000;0.044248;0.008306;0.009544;-0.154203;-0.021739;0.041549;6.000000;534084524572000.000000
163.000000;0.051631;0.008137;0.006595;0.141881;0.031917;0.053169;2.000000;0.042791;-0.006599;0.001917;-0.191995;-0.029816;0.040141;6.000000;534084590872500.000000
164.000000;0.052712;0.007133;0.015038;0.139305;0.041306;0.053169;1.000000;0.041030;-0.013416;-0.007589;-0.182188;-0.031064;0.040141;6.000000;534084658222200.000000
165.000000;0.053059;-0.001389;0.025120;0.135123;0.042485;0.053169;0.000000;0.040215;-0.007635;-0.017255;-0.116084;-0.021402;0.040141;6.000000;534084725029500.000000
166.000000;0.052922;-0.012010;0.031538;0.091062;0.044351;0.052465;-1.000000;0.040087;0.001960;-0.020041;-0.012823;-0.013056;0.041549;6.000000;534084792379000.000000
167.000000;0.052136;-0.023669;0.035623;0.071811;0.045858;0.052465;-2.000000;0.041142;0.014849;-0.019300;0.049713;-0.002470;0.041549;6.000000;534084859476300.000000
168.000000;0.051506;-0.029742;0.036203;0.076386;0.054305;0.048944;-3.000000;0.041873;0.018116;-0.011712;0.078590;-0.004578;0.044366;6.000000;534084926453400.000000
169.000000;0.048958;-0.046619;0.043305;0.092034;0.046541;0.046831;-4.000000;0.043912;0.026528;-0.010205;0.045408;0.004357;0.045775;6.000000;534084993480600.000000
170.000000;0.046207;-0.058222;0.042934;0.028053;0.048898;0.044014;-5.000000;0.045772;0.028713;-0.004703;0.075538;0.004535;0.047183;6.000000;534085060608900.000000
171.000000;0.043123;-0.066216;0.041862;0.054520;0.053181;0.036268;-6.000000;0.047382;0.026414;0.000016;0.039186;0.002054;0.050000;6.000000;534085127949500.000000
172.000000;0.037007;-0.091006;0.049176;0.037163;0.034099;0.025704;-6.000000;0.049643;0.028595;-0.000261;0.017983;0.007525;0.051408;6.000000;534085194560000.000000
173.000000;0.027530;-0.127424;0.051307;-0.133761;-0.008442;0.011620;-6.000000;0.051442;0.026368;0.002755;0.039870;0.005988;0.053521;6.000000;534085261714700.000000
174.000000;0.014346;-0.168631;0.039679;-0.387606;-0.049425;0.003873;-6.000000;0.053358;0.025177;0.003644;0.019121;0.007430;0.054225;6.000000;534085328570400.000000
175.000000;0.003507;-0.166832;0.003471;-0.444158;-0.037193;-0.003873;-6.000000;0.054503;0.019042;0.006217;0.011533;0.002463;0.054930;6.000000;534085395828500.000000
176.000000;-0.005216;-0.141558;-0.020182;-0.152022;-0.015958;-0.019366;-6.000000;0.055213;0.012539;0.006113;-0.028807;-0.001159;0.054930;6.000000;534085462902400.000000
177.000000;-0.017298;-0.147076;-0.012253;-0.022927;-0.045134;-0.026408;-6.000000;0.055331;0.005581;0.004841;-0.048192;-0.005391;0.054930;6.000000;534085529861800.000000
178.000000;-0.026496;-0.131154;-0.024257;-0.173588;-0.035726;-0.032746;-6.000000;0.055209;0.001108;0.001883;-0.059509;-0.006869;0.054930;6.000000;534085596799400.000000
179.000000;-0.033483;-0.104559;-0.032777;-0.029745;-0.020232;-0.041901;-6.000000;0.055064;-0.000338;-0.001227;-0.046784;-0.006124;0.054225;6.000000;534085664082700.000000
180.000000;-0.041075;-0.094134;-0.025527;0.047309;-0.029123;-0.044718;-6.000000;0.054559;-0.002723;-0.002107;-0.032270;-0.008278;0.053521;6.000000;534085731018100.000000
181.000000;-0.045541;-0.069327;-0.029476;-0.000306;-0.012617;-0.046831;-6.000000;0.053877;-0.004802;-0.003202;-0.040782;-0.010049;0.053521;6.000000;534085798185100.000000
182.000000;-0.047929;-0.042249;-0.027832;0.120992;0.002916;-0.047535;-6.000000;0.053564;-0.002894;-0.005821;-0.035288;-0.007165;0.052817;6.000000;534085865245300.000000
183.000000;-0.048627;-0.018792;-0.020141;0.187346;0.014278;-0.047535;-6.000000;0.053074;-0.002561;-0.005646;-0.011802;-0.007993;0.052113;6.000000;534085932121500.000000
184.000000;-0.048353;-0.003388;-0.009471;0.195070;0.019142;-0.046831;-6.000000;0.052461;-0.003313;-0.005240;-0.021340;-0.009680;0.052113;5.000000;534085999298900.000000
185.000000;-0.047485;0.005082;-0.000117;0.158719;0.020785;-0.046831;-6.000000;0.052200;-0.001276;-0.006658;-0.024870;0.007274;0.052113;4.000000;534086066554600.000000
186.000000;-0.046977;0.004250;0.008148;0.105783;0.015474;-0.046831;-6.000000;0.052148;0.000559;-0.001918;0.076018;0.018829;0.052113;3.000000;534086133485600.000000
187.000000;-0.046838;-0.000571;0.011704;0.032374;0.010063;-0.047535;-6.000000;0.052137;-0.000662;0.006139;0.106075;0.026378;0.052113;2.000000;534086200420900.000000
188.000000;-0.047347;-0.007884;0.012173;-0.016249;0.003687;-0.048239;-6.000000;0.052052;-0.004695;0.013985;0.103559;0.032082;0.051408;1.000000;534086267724500.000000
189.000000;-0.048158;-0.013240;0.009373;-0.046908;0.000587;-0.048944;-6.000000;0.051441;-0.012941;0.021423;0.089603;0.034086;0.050000;0.000000;534086334569900.000000
190.000000;-0.049023;-0.015224;0.005553;-0.042023;0.000445;-0.048944;-6.000000;0.050095;-0.024391;0.027071;0.059544;0.033926;0.048592;-1.000000;534086401759200.000000
191.000000;-0.049393;-0.011762;0.001639;-0.012417;0.005159;-0.050352;-6.000000;0.048389;-0.034193;0.029259;0.038395;0.036947;0.045070;-2.000000;534086468748800.000000
192.000000;-0.050287;-0.012836;0.002993;0.018103;0.001696;-0.050352;-6.000000;0.045318;-0.049236;0.033260;0.032099;0.032341;0.042958;-3.000000;534086535899500.000000
193.000000;-0.050673;-0.010199;0.001485;0.000481;0.004497;-0.051056;-6.000000;0.042424;-0.056531;0.031205;0.007330;0.038709;0.039437;-4.000000;534086602982800.000000
194.000000;-0.051177;-0.009338;0.002074;0.019528;0.003816;-0.051056;-6.000000;0.038972;-0.063767;0.032105;0.052662;0.041432;0.036620;-5.000000;534086670403500.000000
195.000000;-0.051357;-0.006883;0.001715;0.016246;0.005795;-0.050352;-6.000000;0.035712;-0.066729;0.032378;0.071431;0.048564;0.028169;-6.000000;534086737403600.000000
196.000000;-0.050937;-0.001547;0.001048;0.036832;0.010913;-0.050352;-6.000000;0.029219;-0.090861;0.042745;0.053804;0.027256;0.023239;-6.000000;534086804655900.000000
197.000000;-0.050635;0.000164;0.003753;0.058419;0.010535;-0.048944;-6.000000;0.023014;-0.102806;0.037016;-0.081270;0.014232;0.012676;-6.000000;534086871382900.000000
198.000000;-0.049634;0.004973;0.004033;0.051352;0.015695;-0.048944;-6.000000;0.013904;-0.125766;0.033010;-0.150827;-0.013733;0.006338;-6.000000;534086938256400.000000
199.000000;-0.049121;0.003711;0.007911;0.064234;0.012513;-0.048239;-6.000000;0.005930;-0.126572;0.013701;-0.230784;-0.011300;0.000000;-6.000000;534087005595900.000000
200.000000;-0.048545;0.002534;0.008968;0.028681;0.012038;-0.048239;-6.000000;-0.000964;-0.113898;-0.000960;-0.092645;-0.002239;-0.006338;-6.000000;534087072540900.000000
201.000000;-0.048352;-0.000836;0.009885;0.017638;0.009101;-0.047535;-6.000000;-0.007128;-0.099264;-0.005346;0.021082;0.002303;-0.013380;-6.000000;534087139490600.000000
202.000000;-0.047938;-0.001088;0.008239;0.005494;0.010823;-0.047535;-6.000000;-0.013435;-0.092192;-0.002688;0.041325;-0.003457;-0.025352;-6.000000;534087206638500.000000
203.000000;-0.047773;-0.002503;0.008280;0.020042;0.009758;-0.046831;-6.000000;-0.023011;-0.111370;0.006442;-0.070816;-0.038117;-0.030282;-6.000000;534087273633200.000000
204.000000;-0.047317;-0.001237;0.007123;0.019822;0.012267;-0.046831;-6.000000;-0.030283;-0.105528;-0.009762;-0.235663;-0.030713;-0.035211;-6.000000;534087340643100.000000
205.000000;-0.047101;-0.002044;0.008072;0.033737;0.011113;-0.046831;-6.000000;-0.035891;-0.086409;-0.021970;-0.078172;-0.016621;-0.047183;-6.000000;534087408020100.000000
206.000000;-0.047041;-0.003778;0.008652;0.019795;0.009552;-0.046831;-6.000000;-0.044821;-0.097211;-0.011800;-0.030011;-0.046131;-0.049296;-6.000000;534087474868700.000000
207.000000;-0.047064;-0.005242;0.008264;0.009823;0.008741;-0.046831;-6.000000;-0.049932;-0.077947;-0.026484;-0.165986;-0.026301;-0.051408;-6.000000;534087541839300.000000
208.000000;-0.047107;-0.005931;0.007465;0.009417;0.008711;-0.046831;-6.000000;-0.052654;-0.048364;-0.032830;0.046520;-0.004476;-0.051408;-6.000000;534087609341000.000000
209.000000;-0.047138;-0.005958;0.006813;0.014421;0.009062;-0.046831;-5.000000;-0.052956;-0.017045;-0.028453;0.192044;0.015259;-0.050704;-6.000000;534087676056300.000000
210.000000;-0.047147;-0.005680;0.006523;0.019745;-0.005239;-0.046831;-4.000000;-0.051889;0.005242;-0.015912;0.254919;0.024820;-0.049296;-6.000000;534087743327900.000000
211.000000;-0.047134;-0.004436;0.001458;-0.056634;-0.014433;-0.046831;-3.000000;-0.050121;0.016918;-0.002413;0.224655;0.027277;-0.048592;-6.000000;534087810434800.000000
212.000000;-0.047061;-0.001090;-0.005508;-0.075604;-0.021105;-0.046127;-2.000000;-0.048774;0.016036;0.009417;0.149613;0.020821;-0.047183;-6.000000;534087877188700.000000
213.000000;-0.046476;0.006594;-0.013018;-0.069436;-0.023459;-0.046127;-1.000000;-0.047469;0.012528;0.013752;0.058926;0.017785;-0.047887;-6.000000;534087944384500.000000
214.000000;-0.046008;0.012011;-0.016873;-0.054787;-0.030506;-0.045423;0.000000;-0.047490;0.000943;0.017257;0.006852;0.006578;-0.048592;-6.000000;534088011733400.000000
215.000000;-0.045233;0.018357;-0.021426;-0.074963;-0.035496;-0.044014;1.000000;-0.048233;-0.010012;0.014986;-0.067919;-0.000781;-0.050704;-6.000000;534088078399700.000000
216.000000;-0.043883;0.027209;-0.026552;-0.074327;-0.037458;-0.044014;2.000000;-0.050067;-0.021660;0.011283;-0.097773;-0.009735;-0.050704;-6.000000;534088145617600.000000
217.000000;-0.043096;0.029473;-0.027550;-0.078709;-0.048402;-0.040493;3.000000;-0.051059;-0.020118;0.001650;-0.097020;-0.003031;-0.053521;-6.000000;534088212558300.000000
218.000000;-0.040581;0.043400;-0.035914;-0.104722;-0.042010;-0.038380;4.000000;-0.053070;-0.023910;0.000804;-0.030788;-0.009084;-0.054930;-6.000000;534088279573700.000000
219.000000;-0.037910;0.053661;-0.037253;-0.038424;-0.044342;-0.036268;5.000000;-0.054808;-0.023584;-0.002471;-0.054558;-0.008760;-0.056338;-6.000000;534088346776800.000000
220.000000;-0.035310;0.058703;-0.036417;-0.061691;-0.051542;-0.029930;6.000000;-0.056319;-0.020858;-0.005119;-0.030677;-0.007154;-0.057746;-6.000000;534088413945100.000000
221.000000;-0.030312;0.077907;-0.043753;-0.066953;-0.038280;-0.026408;6.000000;-0.057685;-0.017903;-0.005892;-0.010518;-0.006467;-0.058451;-6.000000;534088480624300.000000
222.000000;-0.025686;0.086464;-0.039728;0.014547;-0.028467;-0.022183;6.000000;-0.058571;-0.013011;-0.006659;0.000920;-0.003450;-0.059155;-6.000000;534088547992500.000000
223.000000;-0.021116;0.088384;-0.031567;0.030723;-0.026295;-0.011620;6.000000;-0.059220;-0.008906;-0.005784;0.019044;-0.001964;-0.059155;-6.000000;534088614971700.000000
224.000000;-0.012906;0.111628;-0.034373;0.061374;0.005898;-0.005986;6.000000;-0.059377;-0.003869;-0.005120;0.025344;0.001263;-0.059155;-6.000000;534088681922300.000000
225.000000;-0.005669;0.115537;-0.018542;0.204571;0.006685;0.000352;6.000000;-0.059315;-0.000231;-0.003266;0.037064;0.002782;-0.059155;-6.000000;534088749121400.000000
226.000000;0.001028;0.108720;-0.005165;0.103543;0.002520;0.014437;6.000000;-0.059209;0.001250;-0.001008;0.031558;0.002544;-0.059155;-6.000000;534088815955200.000000
227.000000;0.011968;0.130918;-0.010961;0.101525;0.040385;0.021479;6.000000;-0.059142;0.001122;0.000586;0.016625;0.001551;-0.059155;-6.000000;534088883182700.000000
228.000000;0.021121;0.129369;0.006527;0.279942;0.038079;0.034859;6.000000;-0.059126;0.000357;0.001196;0.003258;0.000668;-0.058451;-6.000000;534088950357300.000000
229.000000;0.032697;0.139564;0.011939;0.209764;0.059989;0.039789;6.000000;-0.058714;0.002591;0.000032;0.004102;0.003877;-0.058451;-6.000000;534089017142200.000000
230.000000;0.040462;0.116084;0.033298;0.226512;0.037155;0.048239;6.000000;-0.058491;0.002580;0.001257;0.021562;0.003128;-0.058451;-6.000000;534089084368500.000000
231.000000;0.047937;0.097333;0.035695;0.013245;0.033753;0.051056;6.000000;-0.058410;0.001230;0.002275;0.007491;0.001589;-0.057746;-6.000000;534089151317800.000000
232.000000;0.052106;0.065486;0.039180;-0.040002;0.012624;0.051761;6.000000;-0.057990;0.002710;0.001176;0.002394;0.004227;-0.057746;-6.000000;534089218495800.000000
233.000000;0.053353;0.029837;0.035663;-0.183997;-0.009800;0.051056;6.000000;-0.057782;0.002187;0.002126;0.017270;0.003274;-0.058451;-5.000000;534089285775900.000000
234.000000;0.052543;0.000570;0.023751;-0.273163;-0.024702;0.048944;6.000000;-0.058146;-0.002250;0.003865;-0.003307;-0.016479;-0.058451;-4.000000;534089352463200.000000
235.000000;0.050271;-0.019611;0.009317;-0.278762;-0.033597;0.047535;6.000000;-0.058400;-0.002966;-0.003053;-0.111011;-0.025953;-0.058451;-3.000000;534089419524300.000000
236.000000;0.048091;-0.024506;-0.006208;-0.227439;-0.030036;0.046127;6.000000;-0.058470;0.000888;-0.012182;-0.115398;-0.031029;-0.059155;-2.000000;534089486724900.000000
237.000000;0.046335;-0.020013;-0.015928;-0.118459;-0.023193;0.044718;6.000000;-0.058773;0.004229;-0.018403;-0.104129;-0.039115;-0.059155;-1.000000;534089553685800.000000
238.000000;0.044948;-0.013185;-0.018734;-0.037218;-0.018643;0.043310;6.000000;-0.058769;0.010290;-0.025146;-0.115109;-0.043980;-0.057746;0.000000;534089620908300.000000
239.000000;0.043731;-0.008299;-0.017448;-0.008390;-0.017778;0.044718;6.000000;-0.057717;0.022808;-0.032714;-0.094470;-0.041921;-0.055634;1.000000;534089687814300.000000
240.000000;0.044224;0.005317;-0.019545;0.012280;-0.004950;0.045423;6.000000;-0.055662;0.038014;-0.036952;-0.042348;-0.038990;-0.054225;2.000000;534089754847700.000000
241.000000;0.045196;0.015263;-0.015215;0.084134;0.000493;0.046127;6.000000;-0.053592;0.046725;-0.035641;-0.025310;-0.044820;-0.052113;3.000000;534089821881400.000000
242.000000;0.046230;0.018904;-0.008529;0.076149;0.000167;0.048239;6.000000;-0.051278;0.052743;-0.035875;-0.070556;-0.050660;-0.047183;4.000000;534089888906900.000000
243.000000;0.047976;0.023723;-0.005771;0.048832;0.004855;0.048944;6.000000;-0.047215;0.068310;-0.041835;-0.074039;-0.042669;-0.043662;5.000000;534089956246100.000000
244.000000;0.049196;0.021600;-0.000625;0.047094;0.001268;0.050352;6.000000;-0.043055;0.078146;-0.040518;-0.015874;-0.044984;-0.040845;6.000000;534090023120300.000000
245.000000;0.050451;0.019486;0.000873;0.004248;0.000803;0.051761;6.000000;-0.039467;0.078808;-0.036934;-0.060552;-0.055967;-0.032394;6.000000;534090090227200.000000
246.000000;0.051739;0.018383;0.000806;-0.000083;0.001909;0.053169;6.000000;-0.032922;0.099105;-0.046179;-0.084171;-0.023341;-0.027465;6.000000;534090157951900.000000
247.000000;0.053072;0.018093;0.000815;0.008615;0.003534;0.053873;6.000000;-0.026805;0.107258;-0.036521;0.111245;-0.016929;-0.021831;6.000000;534090224275800.000000
248.000000;0.054014;0.015151;0.002386;0.010248;0.001429;0.054577;6.000000;-0.020839;0.106511;-0.024804;0.071014;-0.016794;-0.016197;6.000000;534090291476400.000000
249.000000;0.054729;0.011772;0.002737;-0.010019;-0.000243;0.055282;6.000000;-0.015156;0.100938;-0.017321;0.009926;-0.017633;-0.009859;6.000000;534090358615800.000000
250.000000;0.055351;0.009490;0.001869;-0.017291;-0.000441;0.055986;6.000000;-0.009255;0.097680;-0.015012;-0.018840;-0.012930;0.002817;6.000000;534090426415200.000000
251.000000;0.055970;0.008595;0.000836;-0.010842;0.000431;0.055986;6.000000;0.000660;0.122538;-0.022756;0.071315;0.025973;0.009859;6.000000;534090492691800.000000
252.000000;0.056195;0.005678;0.001393;-0.007133;-0.001996;0.055986;6.000000;0.009484;0.127269;-0.006543;0.268411;0.028893;0.016197;6.000000;534090559924500.000000
253.000000;0.056207;0.002716;0.000995;-0.023843;-0.003867;0.055282;6.000000;0.016820;0.113978;0.010807;0.155660;0.017783;0.028873;6.000000;534090626839500.000000
254.000000;0.055713;-0.001956;0.000727;-0.036344;-0.007976;0.054577;6.000000;0.026974;0.122481;0.007460;0.078558;0.042650;0.035211;6.000000;534090694250500.000000
255.000000;0.054976;-0.005612;-0.001126;-0.055329;-0.010424;0.054577;6.000000;0.035038;0.112252;0.019807;0.189288;0.036276;0.040845;6.000000;534090761045300.000000
256.000000;0.054605;-0.004223;-0.004795;-0.047118;-0.007307;0.053873;6.000000;0.041296;0.091168;0.029121;0.063445;0.023327;0.049296;6.000000;534090828083700.000000
257.000000;0.054086;-0.003690;-0.005314;-0.016066;-0.007601;0.053169;5.000000;0.048308;0.084117;0.023929;-0.008800;0.032514;0.051408;6.000000;534090895054300.000000
258.000000;0.053469;-0.004019;-0.005114;-0.019407;0.005785;0.053169;4.000000;0.052193;0.060391;0.029844;0.025602;0.014738;0.052817;6.000000;534090962268000.000000
259.000000;0.053210;-0.002623;-0.001354;0.059104;0.017631;0.053169;3.000000;0.053944;0.033030;0.029168;-0.114075;-0.002457;0.052817;6.000000;534091029146700.000000
260.000000;0.053112;-0.002902;0.005614;0.099942;0.026473;0.053169;2.000000;0.053953;0.008966;0.021411;-0.193772;-0.015120;0.050000;6.000000;534091096099200.000000
261.000000;0.053022;-0.005702;0.013286;0.109676;0.033144;0.053169;1.000000;0.051685;-0.015504;0.013275;-0.229658;-0.031635;0.050000;6.000000;534091163472300.000000
262.000000;0.052869;-0.010224;0.020115;0.107772;0.039086;0.053169;0.000000;0.050223;-0.018958;-0.003745;-0.232566;-0.024226;0.045775;6.000000;534091230243400.000000
263.000000;0.052652;-0.015295;0.025785;0.109012;0.045301;0.053169;-1.000000;0.047084;-0.027667;-0.008117;-0.130046;-0.033679;0.043662;6.000000;534091297410700.000000
264.000000;0.052403;-0.020130;0.030699;0.118666;0.052111;0.051761;-2.000000;0.044370;-0.027711;-0.015567;-0.148242;-0.032132;0.041549;6.000000;534091364314700.000000
265.000000;0.051295;-0.030322;0.037523;0.120036;0.052121;0.050352;-3.000000;0.042060;-0.022847;-0.020821;-0.093014;-0.028454;0.040845;6.000000;534091431606700.000000
266.000000;0.049707;-0.040767;0.041298;0.088041;0.053775;0.048944;-4.000000;0.040873;-0.011611;-0.024282;-0.035472;-0.019387;0.041549;6.000000;534091498489400.000000
267.000000;0.047940;-0.048383;0.042647;0.088570;0.058819;0.046831;-5.000000;0.041131;0.004211;-0.024530;0.040294;-0.007065;0.042254;6.000000;534091565785300.000000
268.000000;0.045759;-0.055795;0.045022;0.110367;0.062451;0.041197;-6.000000;0.042056;0.015851;-0.018817;0.096889;-0.001182;0.044366;6.000000;534091632675700.000000
269.000000;0.041276;-0.076244;0.052472;0.084260;0.049207;0.032042;-6.000000;0.043962;0.026254;-0.013285;0.099479;0.005859;0.047887;6.000000;534091699861300.000000
270.000000;0.033403;-0.111022;0.057389;-0.060598;0.008037;0.032042;-6.000000;0.047080;0.037766;-0.008750;0.118434;0.016105;0.047887;6.000000;534091766686700.000000
271.000000;0.029422;-0.100559;0.029556;-0.190906;0.031949;0.020070;-6.000000;0.048569;0.030503;0.003676;0.107391;0.003680;0.051408;6.000000;534091833788000.000000
272.000000;0.021005;-0.118457;0.032109;0.000809;0.001523;0.012324;-6.000000;0.051045;0.030746;0.003332;0.002428;0.008864;0.053521;6.000000;534091901055600.000000
273.000000;0.012530;-0.127472;0.022263;-0.170840;-0.009146;-0.003873;-6.000000;0.053311;0.029578;0.004473;0.035433;0.010086;0.057042;6.000000;534091968657100.000000
274.000000;-0.000793;-0.161022;0.021492;-0.241600;-0.054017;-0.013028;-6.000000;0.056300;0.033395;0.003922;0.048056;0.017763;0.058451;6.000000;534092035201300.000000
275.000000;-0.012413;-0.163230;-0.004785;-0.407684;-0.052107;-0.021479;-6.000000;0.058426;0.029090;0.009113;0.072072;0.013464;0.059155;6.000000;534092102346400.000000
276.000000;-0.022015;-0.142534;-0.027299;-0.212504;-0.035589;-0.046831;-6.000000;0.059552;0.018760;0.012856;0.007662;0.004896;0.059859;6.000000;534092169338600.000000
277.000000;-0.040541;-0.188038;-0.008101;-0.201295;-0.104720;-0.053873;-6.000000;0.060145;0.009540;0.011258;-0.051305;0.000220;0.059155;6.000000;534092236117600.000000
278.000000;-0.053329;-0.173381;-0.041605;-0.522549;-0.092400;-0.059507;-6.000000;0.059729;-0.001077;0.009121;-0.071677;-0.007066;0.057746;6.000000;534092303199700.000000
279.000000;-0.061208;-0.122399;-0.070930;-0.191477;-0.045835;-0.065141;-6.000000;0.058456;-0.011187;0.005513;-0.101747;-0.014043;0.054930;6.000000;534092370544600.000000
280.000000;-0.066303;-0.072995;-0.068536;0.180567;-0.019735;-0.065845;-6.000000;0.056013;-0.022734;0.001873;-0.128016;-0.023894;0.053521;6.000000;534092437352700.000000
281.000000;-0.067517;-0.024969;-0.056208;0.296476;0.006515;-0.064437;-6.000000;0.053929;-0.024405;-0.006780;-0.141321;-0.021899;0.052113;5.000000;534092504563200.000000
282.000000;-0.065998;0.012505;-0.037478;0.360571;0.024326;-0.059507;-6.000000;0.052259;-0.020003;-0.012862;-0.075761;-0.002502;0.050000;4.000000;534092571782500.000000
283.000000;-0.061566;0.044695;-0.020353;0.364697;0.044003;-0.055282;-6.000000;0.050452;-0.018362;-0.008263;0.048929;0.006175;0.049296;3.000000;534092638759700.000000
284.000000;-0.056541;0.058932;0.000773;0.356400;0.047540;-0.050352;-6.000000;0.049320;-0.015222;-0.002668;0.073904;0.017372;0.048592;2.000000;534092705518800.000000
285.000000;-0.051327;0.061159;0.016792;0.254229;0.046492;-0.042606;-6.000000;0.048489;-0.013965;0.004637;0.105845;0.026210;0.048592;1.000000;534092772841900.000000
286.000000;-0.044600;0.068379;0.021952;0.196989;0.058974;-0.042606;-6.000000;0.048149;-0.012760;0.011479;0.121182;0.036235;0.048592;0.000000;534092839760300.000000
287.000000;-0.041803;0.043186;0.039845;0.164328;0.030518;-0.038380;-6.000000;0.048002;-0.013479;0.019014;0.141302;0.044464;0.047887;-1.000000;534092906872800.000000
288.000000;-0.038864;0.028027;0.036347;-0.048654;0.027565;-0.037676;-6.000000;0.047451;-0.019356;0.027579;0.139455;0.047496;0.046479;-2.000000;534092974088000.000000
289.000000;-0.037638;0.010562;0.032962;-0.045075;0.017894;-0.038380;-6.000000;0.046182;-0.029916;0.034732;0.105928;0.047108;0.044366;-3.000000;534093040852300.000000
290.000000;-0.038006;-0.007635;0.028715;-0.088424;0.006422;-0.041901;-6.000000;0.044093;-0.042806;0.039026;0.066881;0.045788;0.039437;-4.000000;534093107946100.000000
291.000000;-0.040721;-0.030812;0.024626;-0.146373;-0.012405;-0.044718;-6.000000;0.039930;-0.064541;0.043928;0.018415;0.034064;0.035915;-5.000000;534093175026000.000000
292.000000;-0.044055;-0.044278;0.012854;-0.207825;-0.018852;-0.047535;-6.000000;0.035582;-0.077385;0.039396;-0.045479;0.036093;0.030986;-6.000000;534093242121600.000000
293.000000;-0.047349;-0.046836;0.000503;-0.161792;-0.017298;-0.053169;-6.000000;0.030580;-0.086981;0.036242;-0.003600;0.037627;0.020423;-6.000000;534093309137600.000000
294.000000;-0.052064;-0.054507;-0.003030;-0.114943;-0.028253;-0.055282;-6.000000;0.021972;-0.115782;0.042639;-0.034474;-0.002149;0.014085;-6.000000;534093376432100.000000
295.000000;-0.055373;-0.047282;-0.013283;-0.125708;-0.019864;-0.056690;-6.000000;0.013993;-0.125427;0.026364;-0.236982;-0.007631;0.007042;-6.000000;534093443595800.000000
296.000000;-0.057292;-0.031639;-0.019114;-0.010370;-0.007273;-0.057394;-6.000000;0.006438;-0.121697;0.009895;-0.150590;-0.004791;-0.008451;-6.000000;534093510501600.000000
297.000000;-0.058055;-0.015280;-0.017631;0.082658;0.002546;-0.056690;-6.000000;-0.005754;-0.147130;0.013669;-0.142254;-0.045672;-0.016901;-6.000000;534093577536200.000000
298.000000;-0.057527;0.000487;-0.013015;0.125991;0.012057;-0.055986;-6.000000;-0.016325;-0.147603;-0.006160;-0.326236;-0.045304;-0.025352;-6.000000;534093644675700.000000
299.000000;-0.056521;0.009695;-0.005114;0.141186;0.014988;-0.051056;-6.000000;-0.025504;-0.131999;-0.023556;-0.184486;-0.035332;-0.040845;-6.000000;534093711796800.000000
300.000000;-0.052945;0.029394;-0.003991;0.150147;0.034972;-0.047535;-6.000000;-0.038033;-0.142972;-0.018656;-0.127327;-0.066551;-0.047887;-6.000000;534093778886300.000000
301.000000;-0.048915;0.040911;0.005736;0.237535;0.042090;-0.044718;-6.000000;-0.047525;-0.127531;-0.035179;-0.259628;-0.054894;-0.054225;-6.000000;534093845611500.000000
302.000000;-0.045389;0.039786;0.018136;0.198011;0.037850;-0.039789;-6.000000;-0.054618;-0.098789;-0.046087;-0.077650;-0.036532;-0.062676;-6.000000;534093912858800.000000
303.000000;-0.041103;0.041199;0.021885;0.128441;0.043290;-0.037676;-6.000000;-0.061759;-0.083098;-0.040000;0.032048;-0.040089;-0.064789;-6.000000;534093979886200.000000
304.000000;-0.038120;0.031851;0.028887;0.118711;0.035296;-0.036972;-6.000000;-0.065484;-0.053736;-0.042389;0.016232;-0.020341;-0.066197;-6.000000;534094046935200.000000
305.000000;-0.036792;0.014305;0.032970;0.021424;0.021396;-0.037676;-6.000000;-0.067050;-0.024540;-0.037832;0.141164;-0.004056;-0.066197;-6.000000;534094113913200.000000
306.000000;-0.037156;-0.006148;0.031151;-0.078178;0.006986;-0.039085;-5.000000;-0.066958;-0.001144;-0.027621;0.193289;0.006748;-0.065493;-6.000000;534094181187500.000000
307.000000;-0.038654;-0.022529;0.023632;-0.136785;-0.016840;-0.041197;-4.000000;-0.065961;0.013136;-0.015568;0.184867;0.010954;-0.064085;-6.000000;534094247978900.000000
308.000000;-0.040886;-0.032022;0.009404;-0.217488;-0.031203;-0.045423;-3.000000;-0.064417;0.020412;-0.005806;0.139375;0.012443;-0.061972;-6.000000;534094315088400.000000
309.000000;-0.044481;-0.040856;-0.003239;-0.229757;-0.048907;-0.045423;-2.000000;-0.062393;0.024619;0.000290;0.100302;0.014772;-0.061972;-6.000000;534094382170900.000000
310.000000;-0.046041;-0.026673;-0.023755;-0.213741;-0.039974;-0.049648;-1.000000;-0.061523;0.017122;0.008037;0.058969;0.004950;-0.059859;-6.000000;534094449144700.000000
311.000000;-0.048749;-0.021953;-0.028038;-0.097153;-0.053005;-0.049648;0.000000;-0.060125;0.015409;0.006519;-0.013555;0.007501;-0.059155;-6.000000;534094516468800.000000
312.000000;-0.049668;-0.005706;-0.037755;-0.127495;-0.048784;-0.048239;1.000000;-0.059181;0.011971;0.006628;0.006960;0.005858;-0.059155;-6.000000;534094583960100.000000
313.000000;-0.048707;0.018044;-0.044637;-0.037916;-0.039162;-0.046127;2.000000;-0.058899;0.005711;0.007412;-0.011621;0.000932;-0.059859;-6.000000;534094650304000.000000
314.000000;-0.046412;0.040317;-0.044198;0.039981;-0.033910;-0.043310;3.000000;-0.059376;-0.002512;0.006900;-0.047349;-0.005550;-0.059859;-6.000000;534094717518300.000000
315.000000;-0.043239;0.056912;-0.039956;0.050848;-0.033911;-0.035563;4.000000;-0.059766;-0.005428;0.002463;-0.066478;-0.005038;-0.060563;-6.000000;534094784533100.000000
316.000000;-0.036890;0.085755;-0.042453;0.065249;-0.014709;-0.031338;5.000000;-0.060396;-0.007233;-0.000154;-0.040431;-0.005786;-0.059859;-6.000000;534094851676900.000000
317.000000;-0.031090;0.096177;-0.031207;0.138514;-0.021470;-0.026408;6.000000;-0.060249;-0.002138;-0.004007;-0.016968;0.001004;-0.059859;-6.000000;534094919055300.000000
318.000000;-0.025613;0.096186;-0.023407;0.021237;-0.032472;-0.015141;6.000000;-0.060045;0.001460;-0.003143;0.033310;0.003006;-0.058451;-6.000000;534094985592600.000000
319.000000;-0.016652;0.118773;-0.032159;-0.009264;0.005234;-0.002465;6.000000;-0.059026;0.008299;-0.002888;0.046564;0.009607;-0.057746;-6.000000;534095052769300.000000
320.000000;-0.004831;0.150081;-0.028325;0.267037;0.041738;-0.002465;6.000000;-0.058029;0.011105;0.000829;0.071935;0.010349;-0.057746;-6.000000;534095119847400.000000
321.000000;0.000563;0.117855;0.010300;0.277244;-0.003893;0.010211;6.000000;-0.057588;0.007536;0.005456;0.042057;0.005144;-0.057746;-6.000000;534095187004300.000000
322.000000;0.009365;0.116308;0.004822;-0.072951;0.015440;0.016549;6.000000;-0.057526;0.002211;0.006606;-0.010630;0.000735;-0.057746;-6.000000;534095254431100.000000
323.000000;0.016669;0.106898;0.008264;0.059171;0.014794;0.022887;6.000000;-0.057639;-0.001569;0.004871;-0.033885;-0.000936;-0.057746;-6.000000;534095321358500.000000
324.000000;0.023121;0.094886;0.012014;0.024760;0.012375;0.033451;6.000000;-0.057769;-0.002918;0.002433;-0.028386;-0.000499;-0.059155;-6.000000;534095388658000.000000
325.000000;0.031743;0.102756;0.005823;0.046733;0.035494;0.037676;6.000000;-0.058696;-0.008386;0.002897;-0.026350;-0.006557;-0.059859;-6.000000;534095455429900.000000
326.000000;0.037919;0.090359;0.017537;0.150364;0.025160;0.041197;6.000000;-0.059627;-0.010960;0.000240;-0.055534;-0.007742;-0.060563;-6.000000;534095522684200.000000
327.000000;0.042102;0.067361;0.025139;0.006005;0.009081;0.045423;6.000000;-0.060470;-0.010723;-0.002722;-0.041776;-0.006801;-0.060563;-6.000000;534095589891300.000000
328.000000;0.045698;0.050936;0.020667;-0.094642;0.005596;0.045423;6.000000;-0.060780;-0.006220;-0.005383;-0.013203;-0.002064;-0.060563;-6.000000;534095656809500.000000
329.000000;0.046723;0.026903;0.019491;-0.110208;-0.010976;0.046127;6.000000;-0.060777;-0.001408;-0.005176;0.024650;0.001212;-0.060563;-6.000000;534095723907900.000000
330.000000;0.046955;0.010685;0.010991;-0.179400;-0.016657;0.044014;6.000000;-0.060657;0.001439;-0.003071;0.035323;0.002018;-0.060563;-5.000000;534095790892300.000000
331.000000;0.045402;-0.006686;0.004946;-0.174599;-0.028425;0.043310;6.000000;-0.060549;0.002107;-0.000901;0.024637;-0.013404;-0.060563;-4.000000;534095857741500.000000
332.000000;0.043959;-0.012315;-0.005881;-0.185714;-0.027090;0.042606;6.000000;-0.060493;0.002465;-0.004740;-0.071164;-0.023915;-0.060563;-3.000000;534095925027600.000000
333.000000;0.042880;-0.009612;-0.014027;-0.109032;-0.021468;0.042606;6.000000;-0.060430;0.004783;-0.011595;-0.102228;-0.031371;-0.059859;-2.000000;534095991937900.000000
334.000000;0.042562;-0.001293;-0.017852;-0.031374;-0.013393;0.042606;6.000000;-0.059875;0.011868;-0.019538;-0.099232;-0.033898;-0.059859;-1.000000;534096059136600.000000
335.000000;0.042662;0.006133;-0.016391;0.024736;-0.008996;0.044014;6.000000;-0.059431;0.017165;-0.023861;-0.082289;-0.040764;-0.059155;0.000000;534096126350800.000000
336.000000;0.043733;0.015642;-0.014657;0.045876;-0.001348;0.045423;6.000000;-0.058667;0.023662;-0.028673;-0.098835;-0.045500;-0.057042;1.000000;534096193230900.000000
337.000000;0.045237;0.022388;-0.010290;0.073728;0.002773;0.046127;6.000000;-0.056888;0.035630;-0.034905;-0.088165;-0.043670;-0.054930;2.000000;534096260572000.000000
338.000000;0.046401;0.021884;-0.003971;0.057933;-0.000308;0.046831;6.000000;-0.054568;0.047067;-0.037430;-0.051021;-0.044419;-0.052817;3.000000;534096327448500.000000
339.000000;0.047241;0.017835;-0.000556;0.004574;-0.004188;0.047535;6.000000;-0.052069;0.054760;-0.037489;-0.054547;-0.049225;-0.050704;4.000000;534096394517200.000000
340.000000;0.047881;0.013846;-0.000447;-0.029353;-0.006136;0.048239;6.000000;-0.049605;0.058766;-0.037883;-0.089529;-0.056436;-0.047887;5.000000;534096461527300.000000
341.000000;0.048460;0.011607;-0.001867;-0.034682;-0.005986;0.049648;6.000000;-0.046816;0.063696;-0.041099;-0.123136;-0.060418;-0.041549;6.000000;534096528786200.000000
342.000000;0.049493;0.013982;-0.004234;-0.015612;-0.001081;0.049648;6.000000;-0.041725;0.083193;-0.049703;-0.090932;-0.046271;-0.038028;6.000000;534096596156700.000000
343.000000;0.049969;0.011709;-0.002055;0.009357;-0.004024;0.050352;6.000000;-0.037051;0.091784;-0.045645;-0.001732;-0.036466;-0.033099;6.000000;534096662536000.000000
344.000000;0.050514;0.010486;-0.002026;-0.015703;-0.003951;0.051056;6.000000;-0.032034;0.096402;-0.038379;0.020700;-0.030917;-0.022535;6.000000;534096729613000.000000
345.000000;0.051126;0.010391;-0.002583;-0.011190;-0.002777;0.051056;6.000000;-0.023577;0.119688;-0.039583;0.067245;0.000348;-0.016197;6.000000;534096796924100.000000
346.000000;0.051366;0.007883;-0.001572;-0.008690;-0.005172;0.052465;6.000000;-0.015824;0.124994;-0.023595;0.200783;0.002992;0.005634;6.000000;534096863814200.000000
347.000000;0.052246;0.010823;-0.003749;-0.012880;0.000067;0.053169;6.000000;0.000513;0.180974;-0.032051;0.269083;0.076770;0.013380;6.000000;534096930990800.000000
348.000000;0.053104;0.012484;-0.002796;0.023272;0.001574;0.053873;6.000000;0.013070;0.181337;0.007259;0.577354;0.063870;0.021127;6.000000;534096997778800.000000
349.000000;0.053904;0.012436;-0.000931;0.021151;0.001386;0.055282;6.000000;0.022494;0.148506;0.037859;0.228170;0.033259;0.034507;6.000000;534097065147800.000000
350.000000;0.055061;0.014335;-0.000764;0.017043;0.004515;0.055986;6.000000;0.033346;0.135776;0.034032;-0.009156;0.044331;0.040141;6.000000;534097132249600.000000
351.000000;0.055990;0.013511;0.001255;0.027213;0.003659;0.056690;6.000000;0.040733;0.106900;0.039802;0.040124;0.027547;0.043662;6.000000;534097199026000.000000
352.000000;0.056750;0.011377;0.002589;0.009446;0.002306;0.057394;6.000000;0.045011;0.070201;0.041110;-0.105726;0.005273;0.046479;6.000000;534097266211900.000000
353.000000;0.057416;0.009407;0.002667;-0.002784;0.001791;0.057394;6.000000;0.047476;0.040665;0.031433;-0.213307;-0.006456;0.047887;6.000000;534097333266000.000000
354.000000;0.057628;0.005359;0.003233;-0.010909;-0.001436;0.058099;5.000000;0.048609;0.020450;0.018931;-0.209378;-0.011882;0.047183;6.000000;534097400295000.000000
355.000000;0.058034;0.004687;0.001255;-0.022705;0.014837;0.058099;4.000000;0.048181;0.003461;0.009992;-0.178965;-0.019882;0.046479;6.000000;534097467392900.000000
356.000000;0.058179;0.002169;0.006070;0.072732;0.023228;0.058803;3.000000;0.047202;-0.005960;0.000623;-0.168546;-0.022158;0.046479;6.000000;534097534909900.000000
357.000000;0.058563;0.000277;0.011832;0.094110;0.032568;0.059507;2.000000;0.046628;-0.005176;-0.008379;-0.115333;-0.016452;0.046479;6.000000;534097601430100.000000
358.000000;0.059055;-0.002269;0.018234;0.117720;0.041064;0.059507;1.000000;0.046466;0.000101;-0.012366;-0.035199;-0.010475;0.046479;6.000000;534097668600300.000000
359.000000;0.059143;-0.008786;0.025931;0.124995;0.045052;0.058803;0.000000;0.046552;0.004985;-0.011773;0.010683;-0.007384;0.047183;6.000000;534097735708000.000000
360.000000;0.058538;-0.019321;0.032792;0.101738;0.045761;0.057394;-1.000000;0.047130;0.010313;-0.010344;0.024390;-0.003480;0.048592;6.000000;534097802595400.000000
361.000000;0.057140;-0.032049;0.037323;0.069868;0.045334;0.056690;-2.000000;0.048338;0.016612;-0.008690;0.042268;0.001912;0.049296;6.000000;534097869888200.000000
362.000000;0.055814;-0.039205;0.037429;0.062257;0.052371;0.055282;-3.000000;0.049389;0.017870;-0.004231;0.051778;0.001136;0.049296;6.000000;534097936836600.000000
363.000000;0.054251;-0.044906;0.039278;0.104431;0.058432;0.051761;-4.000000;0.049809;0.012940;0.000116;0.011378;-0.004867;0.050000;6.000000;534098003789000.000000
364.000000;0.051338;-0.058068;0.045342;0.107659;0.053964;0.045423;-5.000000;0.050258;0.009871;-0.000517;-0.034725;-0.005702;0.050000;6.000000;534098070872600.000000
365.000000;0.045979;-0.082937;0.051534;0.023884;0.037442;0.045423;-6.000000;0.050362;0.006354;-0.001272;-0.035431;-0.007791;0.050000;6.000000;534098137997000.000000
366.000000;0.043216;-0.078375;0.038386;-0.017644;0.061589;0.036972;-6.000000;0.050318;0.003908;-0.002666;-0.041391;-0.008730;0.049296;6.000000;534098204901800.000000
367.000000;0.037178;-0.095926;0.047080;0.120924;0.031065;0.031338;-6.000000;0.049819;0.000042;-0.003171;-0.044118;-0.012139;0.048592;6.000000;534098272193300.000000
368.000000;0.030899;-0.107609;0.041003;-0.082968;0.019122;0.025000;-6.000000;0.049102;-0.003050;-0.004764;-0.059247;-0.014338;0.047887;6.000000;534098338979100.000000
369.000000;0.024335;-0.112294;0.030024;-0.094272;0.013811;0.010211;-6.000000;0.048324;-0.004386;-0.006999;-0.059462;-0.014927;0.046479;6.000000;534098405968600.000000
370.000000;0.012724;-0.145555;0.033113;-0.149435;-0.031268;0.002465;-6.000000;0.047142;-0.007139;-0.007793;-0.056720;-0.018302;0.045775;6.000000;534098473297600.000000
371.000000;0.002619;-0.150128;0.009837;-0.341440;-0.030906;-0.005986;-6.000000;0.046185;-0.006571;-0.010428;-0.063976;-0.017277;0.045775;6.000000;534098540399700.000000
372.000000;-0.006463;-0.138093;-0.009515;-0.183189;-0.022392;-0.023592;-6.000000;0.045838;-0.001403;-0.013195;-0.034242;-0.012003;0.045070;6.000000;534098607491800.000000
373.000000;-0.020317;-0.159978;-0.003208;-0.145970;-0.065021;-0.031338;-6.000000;0.045417;0.001097;-0.011785;-0.000612;-0.012008;0.045070;6.000000;534098674371400.000000
374.000000;-0.031037;-0.149061;-0.024989;-0.331842;-0.054399;-0.039085;-6.000000;0.045306;0.003959;-0.010964;-0.007578;-0.010415;0.045775;6.000000;534098741652200.000000
375.000000;-0.039550;-0.122169;-0.040259;-0.122968;-0.036732;-0.051056;-6.000000;0.045758;0.008943;-0.010912;0.003955;-0.005954;0.047183;6.000000;534098808552200.000000
376.000000;-0.049412;-0.115065;-0.033916;-0.017173;-0.051238;-0.055282;-6.000000;0.046914;0.015953;-0.010181;0.033822;0.000465;0.047887;6.000000;534098876276400.000000
377.000000;-0.055703;-0.088406;-0.041730;-0.080871;-0.032982;-0.058099;-6.000000;0.047967;0.018098;-0.005841;0.052972;0.000380;0.048592;6.000000;534098942741200.000000
378.000000;-0.059168;-0.054214;-0.043585;0.082024;-0.011296;-0.058803;-6.000000;0.048838;0.016637;-0.002211;0.023187;-0.001802;0.050000;5.000000;534099009921500.000000
379.000000;-0.060093;-0.020858;-0.036503;0.203802;0.007444;-0.057394;-6.000000;0.049981;0.016932;-0.001916;0.001117;0.014788;0.050000;4.000000;534099077034600.000000
380.000000;-0.058804;0.007586;-0.024631;0.261515;0.022757;-0.055282;-6.000000;0.050428;0.011301;0.005551;0.078482;0.019430;0.050000;3.000000;534099143963900.000000
381.000000;-0.056364;0.025328;-0.009739;0.267148;0.029633;-0.048239;-6.000000;0.050412;0.002564;0.012732;0.058245;0.022167;0.049296;2.000000;534099211109900.000000
382.000000;-0.050763;0.051156;-0.003117;0.262719;0.053632;-0.048239;-6.000000;0.049715;-0.008707;0.018197;0.035459;0.023157;0.049296;1.000000;534099278140400.000000
383.000000;-0.047949;0.041900;0.020317;0.280215;0.033332;-0.041901;-6.000000;0.049124;-0.015290;0.019609;0.029000;0.030772;0.047887;0.000000;534099345005900.000000
384.000000;-0.043351;0.043769;0.022019;0.090212;0.042343;-0.039085;-6.000000;0.047856;-0.024107;0.023659;0.059103;0.033334;0.046479;-1.000000;534099412136800.000000
385.000000;-0.039791;0.037245;0.027262;0.122702;0.038259;-0.036268;-6.000000;0.046253;-0.032322;0.026735;0.054286;0.036952;0.039437;-2.000000;534099479252100.000000
386.000000;-0.036877;0.028143;0.029950;0.067413;0.033951;-0.036972;-6.000000;0.041120;-0.061669;0.037288;0.005529;0.013692;0.036620;-3.000000;534099546398000.000000
387.000000;-0.036400;0.006561;0.034197;0.001328;0.015148;-0.038380;-6.000000;0.036600;-0.073875;0.029053;-0.127262;0.019373;0.033099;-4.000000;534099613310300.000000
388.000000;-0.037629;-0.015889;0.030465;-0.123422;-0.000472;-0.043310;-6.000000;0.032422;-0.075260;0.021839;-0.024951;0.030923;0.026056;-5.000000;534099680465600.000000
389.000000;-0.041643;-0.043826;0.024895;-0.203869;-0.023676;-0.046127;-6.000000;0.026498;-0.086849;0.026453;0.038765;0.023694;0.021831;-6.000000;534099747411600.000000
390.000000;-0.045598;-0.054315;0.008030;-0.262490;-0.025029;-0.049648;-6.000000;0.021284;-0.089014;0.023771;-0.002705;0.031363;0.016901;-6.000000;534099814633800.000000
391.000000;-0.049462;-0.053865;-0.005327;-0.165283;-0.021741;-0.053169;-6.000000;0.016200;-0.088787;0.023691;0.060306;0.023479;0.011972;-6.000000;534099881365600.000000
392.000000;-0.053040;-0.048357;-0.012160;-0.080621;-0.018584;-0.055986;-6.000000;0.011217;-0.087686;0.021306;0.015221;0.019245;0.007042;-6.000000;534099948433300.000000
393.000000;-0.055984;-0.039737;-0.015176;-0.029123;-0.014426;-0.058803;-6.000000;0.006312;-0.085484;0.017933;0.007701;0.016315;-0.003521;-6.000000;534100015508700.000000
394.000000;-0.058619;-0.032801;-0.014493;0.001073;-0.013593;-0.058803;-6.000000;-0.001950;-0.106074;0.023481;-0.052085;-0.015514;-0.015493;-6.000000;534100082765400.000000
395.000000;-0.059483;-0.017551;-0.016782;0.023314;-0.001334;-0.057394;-6.000000;-0.012999;-0.134994;0.018981;-0.274895;-0.049076;-0.021831;-6.000000;534100149806600.000000
396.000000;-0.058573;0.002135;-0.015706;0.113917;0.013899;-0.055986;-6.000000;-0.021875;-0.130738;-0.007561;-0.347149;-0.038814;-0.028873;-6.000000;534100216823700.000000
397.000000;-0.056876;0.015956;-0.007710;0.176187;0.020940;-0.050352;-6.000000;-0.029386;-0.111968;-0.023803;-0.130576;-0.025508;-0.040845;-6.000000;534100284036700.000000
398.000000;-0.052488;0.038381;-0.004219;0.200600;0.042410;-0.046831;-6.000000;-0.039054;-0.113987;-0.018792;-0.048903;-0.045761;-0.046479;-6.000000;534100350995900.000000
399.000000;-0.048084;0.047470;0.009158;0.271943;0.045688;-0.044014;-6.000000;-0.046345;-0.099289;-0.028142;-0.145876;-0.037011;-0.050704;-6.000000;534100417865000.000000
400.000000;-0.044489;0.042257;0.022706;0.191234;0.037909;-0.038380;-6.000000;-0.051349;-0.073707;-0.035132;-0.020152;-0.020324;-0.056338;-6.000000;534100485166300.000000
401.000000;-0.039856;0.043521;0.024199;0.108953;0.045501;-0.037676;-6.000000;-0.056058;-0.058121;-0.029100;0.073744;-0.020191;-0.057746;-6.000000;534100552036900.000000
402.000000;-0.037583;0.027449;0.033036;0.104896;0.029744;-0.036972;-6.000000;-0.058403;-0.036146;-0.027801;0.060852;-0.006976;-0.057746;-6.000000;534100619232400.000000
403.000000;-0.036712;0.008137;0.033913;-0.032174;0.016502;-0.037676;-5.000000;-0.058777;-0.012668;-0.023916;0.136281;0.007523;-0.057042;-6.000000;534100686354800.000000
404.000000;-0.037282;-0.010476;0.029054;-0.102523;-0.009527;-0.039085;-4.000000;-0.057929;0.005328;-0.015047;0.184426;0.016158;-0.056338;-6.000000;534100753306700.000000
405.000000;-0.038792;-0.023102;0.015748;-0.209166;-0.025709;-0.044014;-3.000000;-0.056763;0.013383;-0.004018;0.167234;0.016497;-0.053521;-6.000000;534100820345800.000000
406.000000;-0.042613;-0.040064;0.004657;-0.247453;-0.051043;-0.046127;-2.000000;-0.054449;0.022160;0.001192;0.124397;0.023559;-0.051408;-6.000000;534100887544200.000000
407.000000;-0.045755;-0.039151;-0.015718;-0.293667;-0.054410;-0.048944;-1.000000;-0.052063;0.025319;0.007678;0.129940;0.024833;-0.050704;-6.000000;534100955335500.000000
408.000000;-0.048560;-0.030127;-0.030583;-0.198895;-0.056307;-0.051056;0.000000;-0.050653;0.018292;0.015115;0.082180;0.016465;-0.049296;-6.000000;534101021407900.000000
409.000000;-0.050637;-0.016468;-0.039870;-0.136463;-0.057132;-0.049648;1.000000;-0.049457;0.011784;0.015768;0.005958;0.013387;-0.050000;-6.000000;534101088618300.000000
410.000000;-0.050201;0.010143;-0.049338;-0.068622;-0.043914;-0.047535;2.000000;-0.049579;-0.000249;0.016614;-0.024740;0.003368;-0.051408;-6.000000;534101155708700.000000
411.000000;-0.048026;0.037238;-0.050008;0.047458;-0.034614;-0.039789;3.000000;-0.050787;-0.013299;0.014149;-0.086741;-0.006334;-0.054225;-6.000000;534101222614900.000000
412.000000;-0.041784;0.077979;-0.051853;0.134190;-0.007357;-0.034859;4.000000;-0.053283;-0.027198;0.009792;-0.130233;-0.017430;-0.055634;-6.000000;534101289874800.000000
413.000000;-0.035306;0.098872;-0.036772;0.243109;-0.007948;-0.029225;5.000000;-0.055443;-0.029876;-0.000221;-0.143131;-0.015371;-0.057746;-6.000000;534101356717500.000000
414.000000;-0.028893;0.104353;-0.023088;0.129648;-0.017514;-0.022887;6.000000;-0.057588;-0.028327;-0.006284;-0.076140;-0.013625;-0.059859;-6.000000;534101423999300.000000
415.000000;-0.022449;0.104374;-0.018198;0.009121;-0.024957;-0.009507;6.000000;-0.059645;-0.025519;-0.008762;-0.040159;-0.013007;-0.062676;-6.000000;534101491189700.000000
416.000000;-0.011812;0.132441;-0.029315;0.025656;0.020765;-0.002465;6.000000;-0.062080;-0.026112;-0.008343;-0.036358;-0.017390;-0.063380;-6.000000;534101558039000.000000
417.000000;-0.002604;0.137309;-0.012171;0.272454;0.023159;0.003873;6.000000;-0.063480;-0.019217;-0.012230;-0.043602;-0.011088;-0.064085;-6.000000;534101625034200.000000
418.000000;0.004879;0.122063;0.006655;0.144362;0.009811;0.017254;6.000000;-0.064263;-0.010743;-0.012946;0.014080;-0.005601;-0.063380;-6.000000;534101692016400.000000
419.000000;0.015462;0.131257;0.002285;0.055767;0.036716;0.023592;6.000000;-0.063929;0.000859;-0.012360;0.053632;0.003262;-0.062676;-6.000000;534101759347400.000000
420.000000;0.023718;0.119968;0.015297;0.178608;0.029173;0.029225;6.000000;-0.063084;0.009396;-0.007965;0.091730;0.007710;-0.061972;-6.000000;534101826379800.000000
421.000000;0.030020;0.097181;0.024927;0.040802;0.014835;0.037676;6.000000;-0.062134;0.012772;-0.002236;0.082667;0.007751;-0.059155;-6.000000;534101893523600.000000
422.000000;0.037006;0.088815;0.019240;-0.039098;0.023377;0.040493;6.000000;-0.059996;0.020966;-0.001182;0.071069;0.016756;-0.057746;-6.000000;534101960592400.000000
423.000000;0.041278;0.067446;0.023314;0.003677;0.009280;0.041901;6.000000;-0.058101;0.022652;0.004394;0.101568;0.016531;-0.056338;-6.000000;534102027632700.000000
424.000000;0.043249;0.040425;0.023644;-0.112766;-0.008294;0.042606;6.000000;-0.056490;0.019868;0.009028;0.062596;0.013756;-0.055634;-6.000000;534102094901400.000000
425.000000;0.043774;0.018205;0.015915;-0.196442;-0.018715;0.042606;6.000000;-0.055522;0.013029;0.011714;0.018126;0.008278;-0.055634;-6.000000;534102161618300.000000
426.000000;0.043464;0.004376;0.005241;-0.196700;-0.022457;0.041197;6.000000;-0.055326;0.004001;0.011877;-0.028199;0.001769;-0.057042;-6.000000;534102228489600.000000
427.000000;0.042195;-0.005885;-0.002491;-0.163018;-0.027253;0.040493;6.000000;-0.056330;-0.008260;0.010821;-0.072035;-0.008214;-0.058451;-5.000000;534102295876400.000000
428.000000;0.041049;-0.007841;-0.010569;-0.137478;-0.024936;0.039789;6.000000;-0.057879;-0.017147;0.005688;-0.113343;-0.028066;-0.060563;-4.000000;534102362868100.000000
429.000000;0.040162;-0.004958;-0.015479;-0.078163;-0.021036;0.039789;6.000000;-0.059956;-0.022413;-0.004835;-0.190917;-0.041548;-0.060563;-3.000000;534102430172800.000000
430.000000;0.039909;0.001804;-0.017715;-0.027830;-0.014958;0.040493;6.000000;-0.060839;-0.012795;-0.020536;-0.177435;-0.038690;-0.061972;-2.000000;534102497029600.000000
431.000000;0.040416;0.010528;-0.017323;0.018926;-0.008064;0.041901;6.000000;-0.061711;-0.003506;-0.027587;-0.092762;-0.043067;-0.061972;-1.000000;534102563998700.000000
432.000000;0.041685;0.019462;-0.014747;0.054576;-0.001343;0.044014;6.000000;-0.061779;0.008722;-0.033142;-0.082371;-0.044222;-0.059859;0.000000;534102631148500.000000
433.000000;0.043675;0.027640;-0.010851;0.077817;0.005015;0.045423;6.000000;-0.060181;0.027958;-0.039039;-0.045325;-0.037404;-0.058451;1.000000;534102697912500.000000
434.000000;0.045495;0.029044;-0.004290;0.078277;0.004065;0.046127;6.000000;-0.058179;0.041656;-0.037870;0.004594;-0.039622;-0.055634;2.000000;534102765041500.000000
435.000000;0.046639;0.023300;0.001350;0.025704;-0.002328;0.047535;6.000000;-0.055340;0.053965;-0.037305;-0.017791;-0.040514;-0.052817;3.000000;534102832306000.000000
436.000000;0.047772;0.019247;0.001229;-0.028094;-0.003229;0.048944;6.000000;-0.052201;0.062242;-0.036229;-0.032873;-0.044614;-0.045775;4.000000;534102899233000.000000
437.000000;0.048972;0.017920;-0.000489;-0.022881;-0.001340;0.049648;6.000000;-0.046484;0.084026;-0.042193;-0.023663;-0.029391;-0.042254;5.000000;534102966197600.000000
438.000000;0.049845;0.015379;-0.000251;-0.008372;-0.002403;0.051056;6.000000;-0.041519;0.090741;-0.035147;0.050768;-0.037306;-0.032394;6.000000;534103033526000.000000
439.000000;0.050977;0.015793;-0.001388;-0.008871;0.000409;0.051056;6.000000;-0.033450;0.113518;-0.039455;0.013543;-0.018548;-0.021127;6.000000;534103100430300.000000
440.000000;0.051437;0.011582;0.000613;-0.000046;-0.003796;0.051761;6.000000;-0.022842;0.142636;-0.038636;0.158692;0.018000;-0.015493;6.000000;534103167645600.000000
441.000000;0.051928;0.009303;-0.000277;-0.028381;-0.003944;0.051761;6.000000;-0.014540;0.138731;-0.013713;0.268815;0.007941;-0.002817;6.000000;534103234676400.000000
442.000000;0.052070;0.006120;-0.000643;-0.026245;-0.006024;0.051761;6.000000;-0.003820;0.146262;-0.007400;0.125491;0.026607;0.004225;6.000000;534103301569200.000000
443.000000;0.052047;0.003608;-0.001672;-0.035029;-0.007217;0.051761;6.000000;0.004824;0.133439;0.007961;0.158586;0.017673;0.016197;6.000000;534103368557800.000000
444.000000;0.051980;0.002434;-0.003100;-0.033492;-0.007235;0.051761;6.000000;0.015078;0.133893;0.008594;0.071864;0.033529;0.021831;6.000000;534103435660100.000000
445.000000;0.051932;0.002369;-0.004208;-0.024661;-0.006652;0.051761;6.000000;0.022532;0.114159;0.020668;0.110535;0.019672;0.026056;6.000000;534103502942700.000000
446.000000;0.051917;0.002815;-0.004701;-0.015728;-0.006060;0.051761;6.000000;0.027462;0.084129;0.026803;-0.051396;0.000344;0.029577;6.000000;534103569867600.000000
447.000000;0.051924;0.003273;-0.004701;-0.010689;-0.005740;0.051761;6.000000;0.030754;0.057656;0.021613;-0.171363;-0.010843;0.032394;6.000000;534103637006100.000000
448.000000;0.051938;0.003515;-0.004485;-0.009697;-0.005692;0.052465;6.000000;0.033121;0.040484;0.011435;-0.183119;-0.013551;0.035211;6.000000;534103704068800.000000
449.000000;0.052376;0.006459;-0.005342;-0.003414;-0.002161;0.052465;6.000000;0.035380;0.034160;0.001596;-0.126740;-0.008769;0.035211;6.000000;534103771081200.000000
450.000000;0.052626;0.006684;-0.003651;0.013037;-0.003010;0.052465;6.000000;0.036154;0.023180;0.000371;-0.072818;-0.016043;0.035211;6.000000;534103838204700.000000
451.000000;0.052720;0.005243;-0.002320;-0.004403;-0.004790;0.052465;5.000000;0.036186;0.013147;-0.002310;-0.110110;-0.021638;0.035915;6.000000;534103905079100.000000
452.000000;0.052715;0.003617;-0.002262;-0.019844;0.008692;0.052465;4.000000;0.036389;0.010459;-0.008296;-0.109580;-0.019167;0.036620;6.000000;534103972126000.000000
453.000000;0.052664;0.001680;0.002122;0.055112;0.017786;0.052465;3.000000;0.036858;0.012491;-0.012236;-0.057547;-0.014577;0.036620;6.000000;534104039170400.000000
454.000000;0.052562;-0.001748;0.008485;0.078102;0.024744;0.052465;2.000000;0.037111;0.012725;-0.011726;-0.022012;-0.014765;0.036620;6.000000;534104106411100.000000
455.000000;0.052394;-0.006291;0.014635;0.084283;0.031052;0.051056;1.000000;0.037212;0.011549;-0.010724;-0.031003;-0.016177;0.037324;6.000000;534104173289300.000000
456.000000;0.051320;-0.016979;0.022184;0.075601;0.030300;0.050352;0.000000;0.037645;0.013042;-0.011693;-0.036020;-0.013606;0.037324;6.000000;534104240351400.000000
457.000000;0.050156;-0.025135;0.024995;0.043896;0.035087;0.050352;-1.000000;0.037857;0.012438;-0.010663;-0.022337;-0.014661;0.038028;6.000000;534104307616500.000000
458.000000;0.049473;-0.027007;0.025561;0.075373;0.046517;0.048944;-2.000000;0.038347;0.013741;-0.011049;-0.028711;-0.012562;0.038028;6.000000;534104374554000.000000
459.000000;0.048291;-0.032346;0.031086;0.125682;0.050690;0.046831;-3.000000;0.038574;0.012618;-0.009761;-0.021034;-0.014132;0.039437;6.000000;534104441627800.000000
460.000000;0.046373;-0.042116;0.037378;0.109576;0.050414;0.045423;-4.000000;0.039483;0.016392;-0.011311;-0.023391;-0.008660;0.039437;6.000000;534104508573600.000000
461.000000;0.044481;-0.048659;0.039368;0.088413;0.055893;0.040493;-5.000000;0.039942;0.015366;-0.008676;0.002182;-0.010971;0.040845;6.000000;534104575677700.000000
462.000000;0.040565;-0.066630;0.046260;0.081112;0.045650;0.036972;-6.000000;0.040937;0.017787;-0.009102;-0.015039;-0.007101;0.041549;6.000000;534104643156900.000000
463.000000;0.036397;-0.078830;0.044634;0.006700;0.046471;0.032746;-6.000000;0.041818;0.018189;-0.007521;0.004536;-0.006836;0.042254;6.000000;534104710022400.000000
464.000000;0.031895;-0.086647;0.042066;0.032665;0.035238;0.027817;-6.000000;0.042592;0.017123;-0.005937;-0.005853;-0.007580;0.042958;6.000000;534104777044200.000000
465.000000;0.026952;-0.092277;0.036687;-0.015594;0.027909;0.014437;-6.000000;0.043289;0.015674;-0.005293;-0.017495;-0.008050;0.045070;6.000000;534104844166700.000000
466.000000;0.016781;-0.128620;0.042485;-0.110182;-0.019041;0.007394;-6.000000;0.044805;0.020408;-0.007441;-0.006450;-0.000636;0.045070;6.000000;534104911281400.000000
467.000000;0.007578;-0.138958;0.020702;-0.329583;-0.022720;-0.000352;-6.000000;0.045530;0.017541;-0.003372;0.024687;-0.005114;0.046479;6.000000;534104978059900.000000
468.000000;-0.000873;-0.131804;0.000365;-0.197288;-0.016173;-0.016549;-6.000000;0.046575;0.017260;-0.003369;-0.013739;-0.003400;0.047887;6.000000;534105045261400.000000
469.000000;-0.013741;-0.153255;0.003467;-0.152042;-0.054788;-0.025000;-6.000000;0.047834;0.018604;-0.003720;0.002247;-0.000403;0.047887;6.000000;534105112320900.000000
470.000000;-0.024475;-0.148280;-0.016277;-0.318290;-0.050582;-0.032746;-6.000000;0.048363;0.014169;-0.000717;0.004805;-0.005341;0.048592;6.000000;534105179635300.000000
471.000000;-0.033155;-0.125711;-0.032898;-0.151915;-0.035167;-0.039789;-6.000000;0.048871;0.011197;-0.001207;-0.032912;-0.006204;0.048592;6.000000;534105246365700.000000
472.000000;-0.040190;-0.099721;-0.036714;0.009277;-0.023797;-0.051056;-6.000000;0.049000;0.007423;-0.001701;-0.035805;-0.008626;0.048592;6.000000;534105313471000.000000
473.000000;-0.049122;-0.099588;-0.024697;0.016410;-0.045521;-0.054577;-6.000000;0.048958;0.004642;-0.003054;-0.044880;-0.009824;0.048592;6.000000;534105380945900.000000
474.000000;-0.054821;-0.079630;-0.032719;-0.106970;-0.030937;-0.057394;-6.000000;0.048879;0.003470;-0.004746;-0.041254;-0.009690;0.048592;6.000000;534105447441500.000000
475.000000;-0.058218;-0.051933;-0.036311;0.039543;-0.012885;-0.057394;-6.000000;0.048827;0.003527;-0.005966;-0.030230;-0.008959;0.047887;5.000000;534105514579400.000000
476.000000;-0.058844;-0.019513;-0.033338;0.163228;0.008494;-0.055986;-6.000000;0.048386;0.001176;-0.005388;-0.027636;0.002743;0.047887;4.000000;534105581719800.000000
477.000000;-0.057440;0.008213;-0.022768;0.254119;0.023991;-0.053873;-6.000000;0.048143;0.000425;-0.001847;0.038880;0.013193;0.048592;3.000000;534105648936900.000000
478.000000;-0.054967;0.025275;-0.008212;0.264580;0.030565;-0.047535;-6.000000;0.048427;0.001737;0.003134;0.083002;0.025254;0.048592;2.000000;534105715802200.000000
479.000000;-0.049796;0.047703;-0.000815;0.252544;0.050755;-0.047535;-6.000000;0.048536;-0.001129;0.011429;0.115185;0.031478;0.048592;1.000000;534105783000500.000000
480.000000;-0.047241;0.037931;0.020734;0.252841;0.031208;-0.041197;-6.000000;0.048455;-0.006781;0.019008;0.103959;0.036188;0.048592;0.000000;534105849863000.000000
481.000000;-0.042746;0.041145;0.020902;0.081114;0.042048;-0.036268;-6.000000;0.046953;-0.021796;0.027824;0.072614;0.030700;0.045070;-1.000000;534105917813500.000000
482.000000;-0.037904;0.045027;0.022768;0.153121;0.050122;-0.036268;-6.000000;0.045080;-0.034072;0.029571;0.010204;0.032266;0.042958;-2.000000;534105984530600.000000
483.000000;-0.035919;0.026226;0.035123;0.127539;0.029467;-0.037676;-6.000000;0.042740;-0.043891;0.029773;0.019769;0.035451;0.040141;-3.000000;534106051624000.000000
484.000000;-0.036529;-0.003249;0.038808;-0.070698;0.004609;-0.039085;-6.000000;0.039856;-0.052887;0.030849;0.037034;0.037780;0.036620;-4.000000;534106118733800.000000
485.000000;-0.038374;-0.025515;0.028944;-0.199110;-0.007310;-0.044718;-6.000000;0.036347;-0.062242;0.032577;0.042258;0.038565;0.028873;-5.000000;534106185598900.000000
486.000000;-0.043021;-0.051919;0.020901;-0.228137;-0.028987;-0.048239;-6.000000;0.030018;-0.086809;0.039470;-0.001790;0.019934;0.024648;-6.000000;534106252888300.000000
487.000000;-0.047602;-0.061140;0.003755;-0.270849;-0.030219;-0.051761;-6.000000;0.024311;-0.095749;0.031361;-0.096208;0.025973;0.019014;-6.000000;534106319769100.000000
488.000000;-0.051680;-0.057206;-0.010407;-0.166764;-0.023968;-0.055282;-6.000000;0.018466;-0.098947;0.026439;-0.007445;0.017470;0.013380;-6.000000;534106386709000.000000
489.000000;-0.055250;-0.048391;-0.016638;-0.062445;-0.018817;-0.059507;-6.000000;0.012694;-0.098426;0.020610;-0.029225;0.013855;0.001408;-6.000000;534106453803300.000000
490.000000;-0.058967;-0.043773;-0.015932;-0.022123;-0.021534;-0.060915;-6.000000;0.003208;-0.121503;0.024888;-0.083476;-0.020887;-0.005634;-6.000000;534106521373700.000000
491.000000;-0.061169;-0.031270;-0.019072;-0.021796;-0.012573;-0.060211;-6.000000;-0.005386;-0.126070;0.009093;-0.248124;-0.023986;-0.019718;-6.000000;534106588519400.000000
492.000000;-0.061276;-0.010262;-0.021112;0.065617;0.004499;-0.058803;-6.000000;-0.017333;-0.145922;0.004318;-0.226311;-0.054056;-0.026761;-6.000000;534106655376400.000000
493.000000;-0.059928;0.009577;-0.015880;0.164389;0.017414;-0.056690;-6.000000;-0.026769;-0.135737;-0.018243;-0.299211;-0.042769;-0.034507;-6.000000;534106722721700.000000
494.000000;-0.057650;0.023369;-0.006371;0.194460;0.024536;-0.053873;-6.000000;-0.034799;-0.114875;-0.030826;-0.103612;-0.030976;-0.040845;-6.000000;534106789702500.000000
495.000000;-0.054749;0.031331;0.002924;0.177186;0.028597;-0.046831;-6.000000;-0.041216;-0.091020;-0.033317;0.016530;-0.020916;-0.051408;-6.000000;534106856560300.000000
496.000000;-0.049183;0.050673;0.004555;0.190363;0.050801;-0.043310;-6.000000;-0.049537;-0.092179;-0.021651;0.014831;-0.042424;-0.054930;-6.000000;534106923792500.000000
497.000000;-0.044386;0.053387;0.018378;0.265772;0.049229;-0.036972;-6.000000;-0.055027;-0.075500;-0.029107;-0.110581;-0.030522;-0.058451;-6.000000;534106990881500.000000
498.000000;-0.038662;0.056916;0.025221;0.194107;0.056251;-0.035563;-6.000000;-0.058854;-0.053826;-0.032232;0.011077;-0.017957;-0.059155;-6.000000;534107057857900.000000
499.000000;-0.035505;0.039044;0.038143;0.152424;0.037814;-0.034859;-6.000000;-0.060228;-0.026352;-0.031280;0.105560;0.000160;-0.058451;-6.000000;534107125039300.000000
500.000000;-0.034351;0.013823;0.041470;-0.026256;0.018970;-0.035563;-5.000000;-0.059658;-0.000837;-0.023945;0.195318;0.015022;-0.057042;-6.000000;534107191919700.000000
501.000000;-0.034969;-0.010272;0.035666;-0.135870;-0.010387;-0.036972;-4.000000;-0.057980;0.016355;-0.012075;0.222346;0.022296;-0.054930;-6.000000;534107259169600.000000
502.000000;-0.036629;-0.025769;0.019626;-0.248553;-0.027034;-0.042606;-3.000000;-0.055668;0.025439;-0.000776;0.190220;0.025098;-0.051408;-6.000000;534107326194600.000000
503.000000;-0.040995;-0.046040;0.007145;-0.278520;-0.054880;-0.045423;-2.000000;-0.052452;0.032898;0.006081;0.154874;0.031169;-0.049296;-6.000000;534107393184000.000000
504.000000;-0.044854;-0.047461;-0.014980;-0.331011;-0.059825;-0.048944;-1.000000;-0.049754;0.030920;0.014568;0.137144;0.027625;-0.047887;-6.000000;534107460480600.000000
505.000000;-0.048418;-0.039278;-0.031804;-0.233400;-0.062120;-0.053873;0.000000;-0.047932;0.021756;0.020282;0.062156;0.019695;-0.047183;-6.000000;534107527446600.000000
506.000000;-0.052513;-0.034057;-0.039411;-0.184490;-0.073673;-0.054577;1.000000;-0.047046;0.009808;0.021213;-0.011250;0.011611;-0.047887;-6.000000;534107595066800.000000
507.000000;-0.054371;-0.013395;-0.052346;-0.177769;-0.065397;-0.053873;2.000000;-0.047427;-0.004434;0.019528;-0.063597;0.001510;-0.048592;-6.000000;534107661375600.000000
508.000000;-0.054080;0.014987;-0.059421;-0.052434;-0.053318;-0.048239;3.000000;-0.048352;-0.014090;0.013557;-0.099402;-0.002831;-0.051408;-6.000000;534107728620100.000000
509.000000;-0.049795;0.057538;-0.063786;0.079001;-0.026150;-0.044014;4.000000;-0.050635;-0.026148;0.009855;-0.102646;-0.013051;-0.053521;-6.000000;534107795575000.000000
510.000000;-0.044456;0.085513;-0.051611;0.209765;-0.020924;-0.024296;5.000000;-0.053097;-0.031790;0.002510;-0.128105;-0.015578;-0.059859;-6.000000;534107862522900.000000
511.000000;-0.029751;0.159318;-0.059835;0.299700;0.049563;-0.015845;6.000000;-0.058012;-0.049023;0.002057;-0.139061;-0.036028;-0.061972;-6.000000;534107929845400.000000
512.000000;-0.016952;0.181588;-0.023085;0.600041;0.041685;-0.006690;6.000000;-0.061653;-0.047665;-0.011333;-0.204648;-0.029943;-0.063380;-6.000000;534107996704400.000000
513.000000;-0.006007;0.169095;0.007951;0.289271;0.028736;0.010915;6.000000;-0.063832;-0.033273;-0.021546;-0.073913;-0.015732;-0.064789;-6.000000;534108063849900.000000
514.000000;0.008514;0.180002;0.008791;0.157460;0.059478;0.018662;6.000000;-0.065133;-0.018342;-0.021570;0.045950;-0.007035;-0.064789;-6.000000;534108130835300.000000
515.000000;0.019188;0.157624;0.029993;0.248395;0.041109;0.026408;6.000000;-0.065274;-0.003769;-0.017927;0.088510;0.001256;-0.064085;-6.000000;534108198361200.000000
516.000000;0.027403;0.124149;0.040112;0.015591;0.021740;0.036972;6.000000;-0.064556;0.007790;-0.012196;0.110259;0.007128;-0.061268;-6.000000;534108265017600.000000
517.000000;0.036154;0.109839;0.030730;-0.078029;0.030958;0.040493;6.000000;-0.062304;0.022032;-0.008374;0.124899;0.018831;-0.059155;-6.000000;534108332246300.000000
518.000000;0.041416;0.081233;0.033592;-0.018470;0.013259;0.042606;6.000000;-0.059801;0.029116;-0.000165;0.155789;0.021884;-0.057746;-6.000000;534108399523900.000000
519.000000;0.044026;0.048653;0.031793;-0.147224;-0.006129;0.044014;6.000000;-0.057828;0.026423;0.008718;0.110425;0.016716;-0.055634;-6.000000;534108466271800.000000
520.000000;0.045101;0.023765;0.021331;-0.224123;-0.015965;0.043310;6.000000;-0.055883;0.022773;0.011623;0.042280;0.015297;-0.055634;-6.000000;534108533683900.000000
521.000000;0.044526;0.003753;0.010831;-0.218893;-0.025189;0.042606;6.000000;-0.055223;0.011630;0.014892;0.005707;0.005446;-0.056338;-6.000000;534108600638800.000000
522.000000;0.043423;-0.006438;-0.000707;-0.201502;-0.026770;0.041197;6.000000;-0.055687;-0.001912;0.014161;-0.069144;-0.004669;-0.058451;-6.000000;534108667533100.000000
523.000000;0.041937;-0.010857;-0.008908;-0.146828;-0.027127;0.040493;6.000000;-0.057484;-0.016805;0.010644;-0.123194;-0.016024;-0.059155;-6.000000;534108735037300.000000
524.000000;0.040854;-0.008143;-0.015297;-0.097981;-0.022472;0.040493;6.000000;-0.058971;-0.020358;0.000865;-0.140432;-0.013795;-0.059155;-6.000000;534108801895700.000000
525.000000;0.040528;-0.000212;-0.018619;-0.032854;-0.014947;0.041197;6.000000;-0.059593;-0.013518;-0.007294;-0.057423;-0.004274;-0.061268;-6.000000;534108868741100.000000
526.000000;0.041040;0.009818;-0.018265;0.026394;-0.007113;0.042606;6.000000;-0.060910;-0.013284;-0.005431;0.010576;-0.008082;-0.061972;-6.000000;534108935962800.000000
527.000000;0.042344;0.019525;-0.015131;0.065514;-0.000166;0.044014;6.000000;-0.061861;-0.011206;-0.005823;-0.018085;-0.007239;-0.060563;-6.000000;534109002833800.000000
528.000000;0.043936;0.024964;-0.009581;0.078362;0.002352;0.045423;6.000000;-0.061323;0.000158;-0.009412;0.014319;0.004817;-0.059859;-6.000000;534109069996400.000000
529.000000;0.045524;0.025890;-0.004272;0.056206;0.001824;0.046127;6.000000;-0.060383;0.008873;-0.006331;0.090107;0.010094;-0.059155;-6.000000;534109137166700.000000
530.000000;0.046572;0.021251;0.000108;0.016874;-0.003065;0.046127;6.000000;-0.059386;0.012210;-0.000623;0.088717;0.010105;-0.058451;-6.000000;534109204179000.000000
531.000000;0.046846;0.012783;0.001930;-0.037900;-0.010121;0.046127;6.000000;-0.058513;0.011419;0.003740;0.053437;0.007988;-0.057746;-6.000000;534109271075300.000000
532.000000;0.046734;0.005938;-0.000304;-0.078969;-0.013677;0.045423;6.000000;-0.057783;0.009026;0.005599;0.020214;0.006168;-0.057746;-6.000000;534109338144600.000000
533.000000;0.046103;-0.000071;-0.003115;-0.085252;-0.017280;0.044718;6.000000;-0.057565;0.004008;0.006692;-0.003280;0.001965;-0.058451;-6.000000;534109405182200.000000
534.000000;0.045292;-0.003303;-0.006675;-0.086175;-0.018461;0.044014;6.000000;-0.058037;-0.003230;0.006602;-0.036558;-0.004059;-0.059155;-6.000000;534109472483800.000000
535.000000;0.044483;-0.003825;-0.009817;-0.070419;-0.017964;0.044014;6.000000;-0.058830;-0.008585;0.003782;-0.063870;-0.007152;-0.059859;-6.000000;534109539379200.000000
536.000000;0.044168;0.000101;-0.012750;-0.043270;-0.013482;0.044014;6.000000;-0.059688;-0.010649;0.000011;-0.059261;-0.007380;-0.059859;-6.000000;534109606704900.000000
537.000000;0.044157;0.004649;-0.012881;-0.004816;-0.010200;0.044718;6.000000;-0.060057;-0.007281;-0.003901;-0.030383;-0.002733;-0.058451;-6.000000;534109673775000.000000
538.000000;0.044693;0.010401;-0.012093;0.015511;-0.005629;0.044718;6.000000;-0.059244;0.003242;-0.006840;0.030046;0.008294;-0.058451;-6.000000;534109740672100.000000
539.000000;0.045043;0.011477;-0.008445;0.024985;-0.006990;0.044718;6.000000;-0.058649;0.007076;-0.002039;0.085021;0.008170;-0.057042;-6.000000;534109807744400.000000
540.000000;0.045188;0.009625;-0.005889;-0.006691;-0.009754;0.044718;6.000000;-0.057491;0.011291;0.000623;0.061410;0.011546;-0.057746;-6.000000;534109874650000.000000
541.000000;0.045187;0.007224;-0.005498;-0.033185;-0.011664;0.045423;6.000000;-0.057370;0.005461;0.006472;0.044443;0.003058;-0.057042;-6.000000;534109941767400.000000
542.000000;0.045553;0.008599;-0.007466;-0.034544;-0.008602;0.045423;6.000000;-0.057071;0.002604;0.005609;-0.020762;0.002540;-0.057746;-6.000000;534110008771900.000000
543.000000;0.045741;0.008472;-0.006975;-0.012407;-0.009016;0.045423;6.000000;-0.057445;-0.002939;0.005495;-0.023335;-0.002302;-0.058451;-6.000000;534110075921500.000000
544.000000;0.045808;0.007390;-0.006324;-0.020667;-0.010158;0.044718;6.000000;-0.058158;-0.007726;0.003678;-0.048451;-0.005573;-0.059155;-6.000000;534110143264300.000000
545.000000;0.045377;0.003352;-0.005330;-0.037215;-0.014539;0.044718;6.000000;-0.058975;-0.010058;0.000675;-0.051470;-0.006426;-0.059155;-6.000000;534110210519900.000000
546.000000;0.045102;0.002402;-0.007424;-0.057601;-0.013972;0.044718;6.000000;-0.059339;-0.007220;-0.003007;-0.029738;-0.002283;-0.058451;-6.000000;534110277641000.000000
547.000000;0.044982;0.003615;-0.009253;-0.038527;-0.012069;0.044718;6.000000;-0.058965;-0.000012;-0.005024;0.020013;0.004915;-0.057746;-6.000000;534110344989200.000000
548.000000;0.044974;0.005342;-0.009628;-0.019477;-0.010640;0.044718;6.000000;-0.058202;0.006280;-0.003120;0.064698;0.009186;-0.057746;-6.000000;534110411290000.000000
549.000000;0.045015;0.006513;-0.009031;-0.012189;-0.010157;0.044718;6.000000;-0.057756;0.006349;0.001757;0.062213;0.006406;-0.057746;-6.000000;534110478571300.000000
550.000000;0.045057;0.006889;-0.008240;-0.014463;-0.010343;0.044718;6.000000;-0.057604;0.003149;0.004530;0.016891;0.002570;-0.058451;-6.000000;534110545507300.000000
551.000000;0.045079;0.006733;-0.007726;-0.020183;-0.010744;0.044718;6.000000;-0.058064;-0.003064;0.005497;-0.022287;-0.003321;-0.058451;-6.000000;534110612368700.000000
552.000000;0.045082;0.006415;-0.007578;-0.024791;-0.011052;0.044718;6.000000;-0.058404;-0.005187;0.002389;-0.047330;-0.003000;-0.059155;-6.000000;534110679656800.000000
553.000000;0.045074;0.006176;-0.007662;-0.026725;-0.011171;0.044718;6.000000;-0.059001;-0.007055;0.000640;-0.029975;-0.004283;-0.059155;-6.000000;534110746565900.000000
554.000000;0.045066;0.006088;-0.007810;-0.026548;-0.011149;0.044718;6.000000;-0.059275;-0.005271;-0.001826;-0.021232;-0.001581;-0.058451;-6.000000;534110813606000.000000
555.000000;0.045061;0.006108;-0.007915;-0.025513;-0.011074;0.044718;6.000000;-0.058898;0.000589;-0.003666;0.014980;0.004567;-0.057746;-6.000000;534110880652200.000000
